id_all,B0020_nFK_prozent,B2040_nFK_prozent,B4060_nFK_prozent,tage_seit_aussaat,Tmean_gradC,Tmean_th9_25_gradC,Tmin_gradC,Tmax_gradC,relLuftfeuchte_mean_prozent,relLuftfeuchte_min_prozent,relLuftfeuchte_max_prozent,globalstrahlung_Wh_m2,windgeschwindigkeit_m_s,tageslicht_h,tageslicht_h_th9,Tmean_gradC_sum,Tmean_th9_25_gradC_sum,globalstrahlung_Wh_m2_sum,niederschlag_mm_sum,tageslicht_h_sum,tageslicht_h_th9_sum,Ton_prozent,Schluff_prozent,Sand_prozent,C_org_prozent,ibi,irmi,daily_rain,daily_irrigation
1,83,93,98,11,8.08,0,2.6,13.2,58.52,36,86.4,4816.3,1.32,13.77,0,70.23,9.67,44688.12,10,161.27,13.35,9.689,37.94,52.367,1.2,0.177506973,10.63266553,10,0
1,82,93,97,12,8.6,0,7.5,12,73.06,56.7,89.8,1204.15,0.81,13.83,0,78.84,9.67,45892.28,12.2,175.1,13.35,9.689,37.94,52.367,1.2,0.177506973,10.63266553,2.2,0
1,83,92,97,13,10.03,10.03,5.8,14.7,75.82,52.7,94.7,2698.85,0.63,13.89,13.89,88.87,19.7,48591.12,12.6,188.99,27.24,9.689,37.94,52.367,1.2,0.21832055,10.63266553,0.4,0.76
1,82,92,97,14,10.64,10.64,1.5,18.5,67.4,36.7,94.9,6692.2,0.82,13.95,13.95,99.51,30.34,55283.32,12.6,202.94,41.19,9.689,37.94,52.367,1.2,0.268115893,10.63266553,0,5.3
1,81,91,97,15,12.06,12.06,3.9,20,63.79,37,87.5,6055.25,1.23,14.01,14.01,111.57,42.41,61338.57,13.4,216.95,55.2,9.689,37.94,52.367,1.2,0.328596852,10.63266553,0.8,0
1,79,91,96,16,10.05,10.05,4,15.5,53.62,28.1,77.6,6844.95,1.98,14.06,14.06,121.62,52.46,68183.52,13.4,231.01,69.26,9.689,37.94,52.367,1.2,0.401583081,10.63266553,0,0
1,78,90,96,17,10.31,10.31,1.5,17.6,53.17,29.6,84.4,7092.6,1.17,14.12,14.12,131.94,62.77,75276.12,13.4,245.13,83.38,9.689,37.94,52.367,1.2,0.489095645,10.63266553,0,4.65
1,87.74,92.89,91.65,18,11.3,11.3,3.2,18.4,54.17,32.9,81.2,6938.32,1.23,14.18,14.18,143.24,74.07,82214.45,13.4,259.31,97.56,9.689,37.94,52.367,1.2,0.593115946,10.63266553,0,0
1,88.82,93.05,91.55,19,10.67,10.67,4.8,16.6,48.3,27.2,67.8,7244.73,1.57,14.24,14.24,153.91,84.74,89459.18,13.4,273.55,111.8,9.689,37.94,52.367,1.2,0.715458232,10.63266553,0,0
1,88.06,93.45,91.44,20,9.76,9.76,1.9,16.1,43.16,27.7,73.9,7388.58,1.75,14.29,14.29,163.67,94.51,96847.75,13.4,287.84,126.09,9.689,37.94,52.367,1.2,0.857435925,10.63266553,0,5.64
1,87.88,93.14,91.15,21,10.82,10.82,2.7,17.6,40.61,25.4,59.7,7213.8,1.52,14.35,14.35,174.49,105.32,104061.55,13.4,302.19,140.44,9.689,37.94,52.367,1.2,1.019874403,10.63266553,0,0
1,89.23,93.11,90.99,22,11.83,11.83,1.9,21.9,58.81,29.1,93.9,6058.32,1.09,14.41,14.41,186.32,117.16,110119.88,20.1,316.6,154.85,9.689,37.94,52.367,1.2,1.202550446,10.63266553,6.7,0
1,103.34,93.63,90.61,23,11.42,11.42,5.6,17.2,70.19,35.9,95.8,5081.62,2.2,14.46,14.46,197.74,128.58,115201.5,24,331.06,169.31,9.689,37.94,52.367,1.2,1.403861393,10.63266553,3.9,0
1,109.99,95.96,90.43,24,7.62,0,0.8,12,68.89,51.8,91.4,3382.18,0.89,14.52,0,205.36,128.58,118583.68,24,345.58,169.31,9.689,37.94,52.367,1.2,1.24,10.97,0,0
1,109.99,95.96,90.43,24,7.62,0,0.8,12,68.89,51.8,91.4,3382.18,0.89,14.52,0,205.36,128.58,118583.68,24,345.58,169.31,9.689,37.94,52.367,1.2,1.24,10.97,0,0
1,104.59,98.65,90.68,25,10.02,10.02,2.8,14.8,61.07,37.9,89.8,4033.68,1.44,14.57,14.57,215.38,138.59,122617.35,24,360.15,183.88,9.689,37.94,52.367,1.2,1.408,11.578,0,0
1,100.08,99.17,90.58,26,9.27,9.27,3.3,13.4,55.6,37.7,76,5607.25,2.7,14.63,14.63,224.65,147.86,128224.6,24,374.78,198.51,9.689,37.94,52.367,1.2,1.576,12.186,0,0
1,96.1,98.81,90.54,27,8.34,0,-0.2,14.7,60.97,37.2,90.8,4732.32,1.1,14.68,0,232.99,147.86,132956.92,24,389.46,198.51,9.689,37.94,52.367,1.2,1.744,12.794,0,0
1,91.58,97.69,90.59,28,9.79,9.79,4.8,14,67.73,47.4,83,2193.3,2.94,14.73,14.73,242.78,157.65,135150.22,24.1,404.19,213.24,9.689,37.94,52.367,1.2,1.912,13.402,0.1,5.7
1,89.91,94.95,90.15,29,7.31,0,3.4,12.2,72.19,45.5,89.8,4149.88,2.23,14.79,0,250.09,157.65,139300.1,25.7,418.98,213.24,9.689,37.94,52.367,1.2,2.08,14.01,1.6,0
1,90.87,93.81,90.06,30,6.86,0,2,11.9,81.79,57,93.5,2475.72,1.11,14.84,0,256.94,157.65,141775.83,29.4,433.82,213.24,9.689,37.94,52.367,1.2,2.248,14.618,3.7,0
1,94.92,93.05,89.62,31,8.35,0,3.8,13.3,65.74,39.4,89.8,5855.15,1.96,14.89,0,265.29,157.65,147630.98,29.4,448.71,213.24,9.689,37.94,52.367,1.2,2.416,15.226,0,0
1,94.23,93.89,89.76,32,10.29,10.29,0.4,18.3,62.8,42.1,89.4,5233.9,1.12,14.94,14.94,275.58,167.94,152864.88,29.4,463.65,228.18,9.689,37.94,52.367,1.2,2.584,15.834,0,0
1,87.84,93.24,89.69,33,18.3,18.3,6.5,28.6,57.11,31.3,89.3,6701.18,1.38,14.99,14.99,293.87,186.24,159566.05,29.4,478.64,243.17,9.689,37.94,52.367,1.2,2.752,16.442,0,0
1,75.26,89.44,89.85,34,16.34,16.34,13,20.2,75.5,54.4,95.6,1515.58,1.21,15.04,15.04,310.21,202.57,161081.62,36.6,493.68,258.21,9.689,37.94,52.367,1.2,2.92,17.05,7.2,0
1,77.22,85.62,89.62,35,13.55,13.55,12.3,15.1,91.07,85,96.8,1547.03,0.67,15.09,15.09,323.76,216.12,162628.65,40.6,508.77,273.3,9.689,37.94,52.367,1.2,3.0575,17.3,4,0
1,97.16,85.67,89.14,36,14.16,14.16,8.9,19,72.26,46.9,89.2,4529.52,1.27,15.14,15.14,337.92,230.28,167158.17,40.6,523.91,288.44,9.689,37.94,52.367,1.2,3.195,17.55,0,0
1,86.14,84.71,89.36,37,12.87,12.87,5.7,19.9,72,42.4,95.6,5750.65,1.12,15.19,15.19,350.79,243.16,172908.83,40.6,539.1,303.63,9.689,37.94,52.367,1.2,3.3325,17.8,0,0
1,86.14,84.71,89.36,37,12.87,12.87,5.7,19.9,72,42.4,95.6,5750.65,1.12,15.19,15.19,350.79,243.16,172908.83,40.6,539.1,303.63,9.689,37.94,52.367,1.2,3.3325,17.8,0,0
1,69.8,80.34,89.33,38,13.05,13.05,7.1,19.3,68.93,45,88.4,5428.4,1.02,15.24,15.24,363.84,256.21,178337.22,40.9,554.34,318.87,9.689,37.94,52.367,1.2,3.47,18.05,0.3,0
1,56.89,74.66,88.99,39,11.9,11.9,9.2,14.9,75.43,56.3,90.8,3189.2,1.54,15.28,15.28,375.74,268.1,181526.42,42.9,569.62,334.15,9.689,37.94,52.367,1.2,3.55,18.31,2,0
1,49.47,69.43,88.51,40,11.68,11.68,6.9,18.6,80.23,47.3,95.7,4802.18,1.35,15.33,15.33,387.43,279.79,186328.6,49.5,584.95,349.48,9.689,37.94,52.367,1.2,3.63,18.57,6.6,0
1,48.07,65.27,87.5,41,11.93,11.93,8.8,16.4,80.68,62.9,95.5,3797.85,1.57,15.37,15.37,399.36,291.72,190126.45,54.2,600.32,364.85,9.689,37.94,52.367,1.2,3.71,18.83,4.7,0
1,53.33,62.85,86.95,42,11.67,11.67,8.1,16.5,77.5,57.3,92.7,4489.98,1.55,15.42,15.42,411.03,303.39,194616.42,55,615.74,380.27,9.689,37.94,52.367,1.2,3.7825,19.4375,0.8,0
1,51.54,60.24,86.47,43,11.75,11.75,5.6,17.6,73.71,47.3,95.5,5832.42,1.43,15.46,15.46,422.78,315.14,200448.85,56.5,631.2,395.73,9.689,37.94,52.367,1.2,3.855,20.045,1.5,0
1,44.09,56.16,85.32,44,13.18,13.18,8.1,17.7,68.84,48.9,93.1,4335.35,1.01,15.5,15.5,435.96,328.32,204784.2,56.5,646.7,411.23,9.689,37.94,52.367,1.2,3.9275,20.6525,0,0
1,36.57,51.26,84.7,45,13.87,13.87,8.6,18.1,62.95,41.3,89.2,5263.5,2.06,15.54,15.54,449.83,342.2,210047.7,59.2,662.24,426.77,9.689,37.94,52.367,1.2,4,21.26,2.7,0
1,31.5,46.48,83.6,46,12.23,12.23,8.5,16.9,69.96,49.5,92.3,4715.12,2.47,15.59,15.59,462.06,354.42,214762.83,60.4,677.83,442.36,9.689,37.94,52.367,1.2,4,21.26,1.2,0
1,28.34,41.69,82.58,47,12.2,12.2,7.5,17.6,67.03,43.8,87.9,4898.05,1.86,15.62,15.62,474.26,366.62,219660.88,60.4,693.45,457.98,9.689,37.94,52.367,1.2,4,21.26,0,0
1,26.52,37.54,81.57,48,11.86,11.86,5,20.2,73.58,35.9,92.2,4898.45,1.3,15.66,15.66,486.12,378.48,224559.33,61.9,709.11,473.64,9.689,37.94,52.367,1.2,4,21.26,1.5,0
1,25.61,35.38,80.18,49,10.32,10.32,8.3,14.7,77.5,55,88.4,2502.93,2.26,15.7,15.7,496.43,388.8,227062.25,64.1,724.81,489.34,9.689,37.94,52.367,1.2,4,21.26,2.2,0
1,25.4,34.97,79.2,50,10.68,10.68,6.9,14.6,84.31,61.8,93.2,2876.4,1.31,15.74,15.74,507.11,399.47,229938.65,69.4,740.55,505.08,9.689,37.94,52.367,1.2,4,21.26,5.3,0
4,83,93,98,11,8.08,0,2.6,13.2,58.52,36,86.4,4816.3,1.32,13.77,0,70.23,9.67,44688.12,10,161.27,13.35,9.689,37.94,52.367,1.2,0.177506973,10.63266553,10,0
4,82,93,97,12,8.6,0,7.5,12,73.06,56.7,89.8,1204.15,0.81,13.83,0,78.84,9.67,45892.28,12.2,175.1,13.35,9.689,37.94,52.367,1.2,0.177506973,10.63266553,2.2,0
4,83,92,97,13,10.03,10.03,5.8,14.7,75.82,52.7,94.7,2698.85,0.63,13.89,13.89,88.87,19.7,48591.12,12.6,188.99,27.24,9.689,37.94,52.367,1.2,0.21832055,10.63266553,0.4,0.63
4,82,92,97,14,10.64,10.64,1.5,18.5,67.4,36.7,94.9,6692.2,0.82,13.95,13.95,99.51,30.34,55283.32,12.6,202.94,41.19,9.689,37.94,52.367,1.2,0.268115893,10.63266553,0,4.69
4,81,91,97,15,12.06,12.06,3.9,20,63.79,37,87.5,6055.25,1.23,14.01,14.01,111.57,42.41,61338.57,13.4,216.95,55.2,9.689,37.94,52.367,1.2,0.328596852,10.63266553,0.8,0
4,79,91,96,16,10.05,10.05,4,15.5,53.62,28.1,77.6,6844.95,1.98,14.06,14.06,121.62,52.46,68183.52,13.4,231.01,69.26,9.689,37.94,52.367,1.2,0.401583081,10.63266553,0,0
4,78,90,96,17,10.31,10.31,1.5,17.6,53.17,29.6,84.4,7092.6,1.17,14.12,14.12,131.94,62.77,75276.12,13.4,245.13,83.38,9.689,37.94,52.367,1.2,0.489095645,10.63266553,0,4.36
4,85.08,86.97,84.48,18,11.3,11.3,3.2,18.4,54.17,32.9,81.2,6938.32,1.23,14.18,14.18,143.24,74.07,82214.45,13.4,259.31,97.56,9.689,37.94,52.367,1.2,0.593115946,10.63266553,0,0
4,86.42,86.78,84.2,19,10.67,10.67,4.8,16.6,48.3,27.2,67.8,7244.73,1.57,14.24,14.24,153.91,84.74,89459.18,13.4,273.55,111.8,9.689,37.94,52.367,1.2,0.715458232,10.63266553,0,0
4,86.15,87.13,83.98,20,9.76,9.76,1.9,16.1,43.16,27.7,73.9,7388.58,1.75,14.29,14.29,163.67,94.51,96847.75,13.4,287.84,126.09,9.689,37.94,52.367,1.2,0.857435925,10.63266553,0,5.28
4,85.88,86.89,83.83,21,10.82,10.82,2.7,17.6,40.61,25.4,59.7,7213.8,1.52,14.35,14.35,174.49,105.32,104061.55,13.4,302.19,140.44,9.689,37.94,52.367,1.2,1.019874403,10.63266553,0,0
4,87.57,86.84,83.73,22,11.83,11.83,1.9,21.9,58.81,29.1,93.9,6058.32,1.09,14.41,14.41,186.32,117.16,110119.88,20.1,316.6,154.85,9.689,37.94,52.367,1.2,1.202550446,10.63266553,6.7,0
4,101.61,86.35,83.37,23,11.42,11.42,5.6,17.2,70.19,35.9,95.8,5081.62,2.2,14.46,14.46,197.74,128.58,115201.5,24,331.06,169.31,9.689,37.94,52.367,1.2,1.403861393,10.63266553,3.9,0
4,108.49,86.13,82.98,24,7.62,0,0.8,12,68.89,51.8,91.4,3382.18,0.89,14.52,0,205.36,128.58,118583.68,24,345.58,169.31,9.689,37.94,52.367,1.2,1.44,11.23,0,0
4,108.49,86.13,82.98,24,7.62,0,0.8,12,68.89,51.8,91.4,3382.18,0.89,14.52,0,205.36,128.58,118583.68,24,345.58,169.31,9.689,37.94,52.367,1.2,1.44,11.23,0,0
4,103.04,88,83.39,25,10.02,10.02,2.8,14.8,61.07,37.9,89.8,4033.68,1.44,14.57,14.57,215.38,138.59,122617.35,24,360.15,183.88,9.689,37.94,52.367,1.2,1.598,11.85,0,0
4,98.22,88.56,82.52,26,9.27,9.27,3.3,13.4,55.6,37.7,76,5607.25,2.7,14.63,14.63,224.65,147.86,128224.6,24,374.78,198.51,9.689,37.94,52.367,1.2,1.756,12.47,0,0
4,93.79,88.66,82.29,27,8.34,0,-0.2,14.7,60.97,37.2,90.8,4732.32,1.1,14.68,0,232.99,147.86,132956.92,24,389.46,198.51,9.689,37.94,52.367,1.2,1.914,13.09,0,0
4,88.29,88.24,82.14,28,9.79,9.79,4.8,14,67.73,47.4,83,2193.3,2.94,14.73,14.73,242.78,157.65,135150.22,24.1,404.19,213.24,9.689,37.94,52.367,1.2,2.072,13.71,0.1,5.33
4,84.2,85.7,81.72,29,7.31,0,3.4,12.2,72.19,45.5,89.8,4149.88,2.23,14.79,0,250.09,157.65,139300.1,25.7,418.98,213.24,9.689,37.94,52.367,1.2,2.23,14.33,1.6,0
4,85.66,85,81.48,30,6.86,0,2,11.9,81.79,57,93.5,2475.72,1.11,14.84,0,256.94,157.65,141775.83,29.4,433.82,213.24,9.689,37.94,52.367,1.2,2.388,14.95,3.7,0
4,90.43,84.2,81.11,31,8.35,0,3.8,13.3,65.74,39.4,89.8,5855.15,1.96,14.89,0,265.29,157.65,147630.98,29.4,448.71,213.24,9.689,37.94,52.367,1.2,2.546,15.57,0,0
4,89.95,85.17,81.16,32,10.29,10.29,0.4,18.3,62.8,42.1,89.4,5233.9,1.12,14.94,14.94,275.58,167.94,152864.88,29.4,463.65,228.18,9.689,37.94,52.367,1.2,2.704,16.19,0,0
4,80.06,86.08,81.25,33,18.3,18.3,6.5,28.6,57.11,31.3,89.3,6701.18,1.38,14.99,14.99,293.87,186.24,159566.05,29.4,478.64,243.17,9.689,37.94,52.367,1.2,2.862,16.81,0,0
4,64.11,83.19,81.15,34,16.34,16.34,13,20.2,75.5,54.4,95.6,1515.58,1.21,15.04,15.04,310.21,202.57,161081.62,36.6,493.68,258.21,9.689,37.94,52.367,1.2,3.02,17.43,7.2,0
4,66.37,80.36,80.99,35,13.55,13.55,12.3,15.1,91.07,85,96.8,1547.03,0.67,15.09,15.09,323.76,216.12,162628.65,40.6,508.77,273.3,9.689,37.94,52.367,1.2,3.1375,17.6125,4,0
4,88.49,79.66,80.92,36,14.16,14.16,8.9,19,72.26,46.9,89.2,4529.52,1.27,15.14,15.14,337.92,230.28,167158.17,40.6,523.91,288.44,9.689,37.94,52.367,1.2,3.255,17.795,0,0
4,76.72,78.24,80.66,37,12.87,12.87,5.7,19.9,72,42.4,95.6,5750.65,1.12,15.19,15.19,350.79,243.16,172908.83,40.6,539.1,303.63,9.689,37.94,52.367,1.2,3.3725,17.9775,0,0
4,76.72,78.24,80.66,37,12.87,12.87,5.7,19.9,72,42.4,95.6,5750.65,1.12,15.19,15.19,350.79,243.16,172908.83,40.6,539.1,303.63,9.689,37.94,52.367,1.2,3.3725,17.9775,0,0
4,59.75,74.92,80.6,38,13.05,13.05,7.1,19.3,68.93,45,88.4,5428.4,1.02,15.24,15.24,363.84,256.21,178337.22,40.9,554.34,318.87,9.689,37.94,52.367,1.2,3.49,18.16,0.3,0
4,47.65,70.94,80.21,39,11.9,11.9,9.2,14.9,75.43,56.3,90.8,3189.2,1.54,15.28,15.28,375.74,268.1,181526.42,42.9,569.62,334.15,9.689,37.94,52.367,1.2,3.573333333,18.43666667,2,0
4,41.16,66.96,79.89,40,11.68,11.68,6.9,18.6,80.23,47.3,95.7,4802.18,1.35,15.33,15.33,387.43,279.79,186328.6,49.5,584.95,349.48,9.689,37.94,52.367,1.2,3.656666667,18.71333333,6.6,0
4,41.88,63.95,79.44,41,11.93,11.93,8.8,16.4,80.68,62.9,95.5,3797.85,1.57,15.37,15.37,399.36,291.72,190126.45,54.2,600.32,364.85,9.689,37.94,52.367,1.2,3.74,18.99,4.7,0
4,50.18,62.2,79.28,42,11.67,11.67,8.1,16.5,77.5,57.3,92.7,4489.98,1.55,15.42,15.42,411.03,303.39,194616.42,55,615.74,380.27,9.689,37.94,52.367,1.2,3.82,19.6325,0.8,0
4,47.24,59.69,78.86,43,11.75,11.75,5.6,17.6,73.71,47.3,95.5,5832.42,1.43,15.46,15.46,422.78,315.14,200448.85,56.5,631.2,395.73,9.689,37.94,52.367,1.2,3.9,20.275,1.5,0
4,38.64,60.12,78.27,44,13.18,13.18,8.1,17.7,68.84,48.9,93.1,4335.35,1.01,15.5,15.5,435.96,328.32,204784.2,56.5,646.7,411.23,9.689,37.94,52.367,1.2,3.98,20.9175,0,0
4,30.86,51.79,77.99,45,13.87,13.87,8.6,18.1,62.95,41.3,89.2,5263.5,2.06,15.54,15.54,449.83,342.2,210047.7,59.2,662.24,426.77,9.689,37.94,52.367,1.2,4.06,21.56,2.7,0
4,26.76,46.34,77.27,46,12.23,12.23,8.5,16.9,69.96,49.5,92.3,4715.12,2.47,15.59,15.59,462.06,354.42,214762.83,60.4,677.83,442.36,9.689,37.94,52.367,1.2,4.06,21.56,1.2,0
4,25.23,40.95,76.52,47,12.2,12.2,7.5,17.6,67.03,43.8,87.9,4898.05,1.86,15.62,15.62,474.26,366.62,219660.88,60.4,693.45,457.98,9.689,37.94,52.367,1.2,4.06,21.56,0,0
4,24.54,36.2,75.68,48,11.86,11.86,5,20.2,73.58,35.9,92.2,4898.45,1.3,15.66,15.66,486.12,378.48,224559.33,61.9,709.11,473.64,9.689,37.94,52.367,1.2,4.06,21.56,1.5,0
4,24.18,33.83,74.67,49,10.32,10.32,8.3,14.7,77.5,55,88.4,2502.93,2.26,15.7,15.7,496.43,388.8,227062.25,64.1,724.81,489.34,9.689,37.94,52.367,1.2,4.06,21.56,2.2,0
4,24.12,33.71,73.93,50,10.68,10.68,6.9,14.6,84.31,61.8,93.2,2876.4,1.31,15.74,15.74,507.11,399.47,229938.65,69.4,740.55,505.08,9.689,37.94,52.367,1.2,4.06,21.56,5.3,0
6,83,93,98,11,8.08,0,2.6,13.2,58.52,36,86.4,4816.3,1.32,13.77,0,70.23,9.67,44688.12,10,161.27,13.35,9.689,37.94,52.367,1.2,0.177506973,10.63266553,10,0
6,82,93,97,12,8.6,0,7.5,12,73.06,56.7,89.8,1204.15,0.81,13.83,0,78.84,9.67,45892.28,12.2,175.1,13.35,9.689,37.94,52.367,1.2,0.177506973,10.63266553,2.2,0
6,83,92,97,13,10.03,10.03,5.8,14.7,75.82,52.7,94.7,2698.85,0.63,13.89,13.89,88.87,19.7,48591.12,12.6,188.99,27.24,9.689,37.94,52.367,1.2,0.21832055,10.63266553,0.4,0.67
6,82,92,97,14,10.64,10.64,1.5,18.5,67.4,36.7,94.9,6692.2,0.82,13.95,13.95,99.51,30.34,55283.32,12.6,202.94,41.19,9.689,37.94,52.367,1.2,0.268115893,10.63266553,0,4.72
6,81,91,97,15,12.06,12.06,3.9,20,63.79,37,87.5,6055.25,1.23,14.01,14.01,111.57,42.41,61338.57,13.4,216.95,55.2,9.689,37.94,52.367,1.2,0.328596852,10.63266553,0.8,0
6,79,91,96,16,10.05,10.05,4,15.5,53.62,28.1,77.6,6844.95,1.98,14.06,14.06,121.62,52.46,68183.52,13.4,231.01,69.26,9.689,37.94,52.367,1.2,0.401583081,10.63266553,0,0
6,78,90,96,17,10.31,10.31,1.5,17.6,53.17,29.6,84.4,7092.6,1.17,14.12,14.12,131.94,62.77,75276.12,13.4,245.13,83.38,9.689,37.94,52.367,1.2,0.489095645,10.63266553,0,4.36
6,84.72,89.74,89.75,18,11.3,11.3,3.2,18.4,54.17,32.9,81.2,6938.32,1.23,14.18,14.18,143.24,74.07,82214.45,13.4,259.31,97.56,9.689,37.94,52.367,1.2,0.593115946,10.63266553,0,0
6,86.13,89.54,89.52,19,10.67,10.67,4.8,16.6,48.3,27.2,67.8,7244.73,1.57,14.24,14.24,153.91,84.74,89459.18,13.4,273.55,111.8,9.689,37.94,52.367,1.2,0.715458232,10.63266553,0,0
6,85.01,89.54,89.32,20,9.76,9.76,1.9,16.1,43.16,27.7,73.9,7388.58,1.75,14.29,14.29,163.67,94.51,96847.75,13.4,287.84,126.09,9.689,37.94,52.367,1.2,0.857435925,10.63266553,0,5.28
6,86.21,89.14,88.94,21,10.82,10.82,2.7,17.6,40.61,25.4,59.7,7213.8,1.52,14.35,14.35,174.49,105.32,104061.55,13.4,302.19,140.44,9.689,37.94,52.367,1.2,1.019874403,10.63266553,0,12.93
6,166.41,91.22,88.53,22,11.83,11.83,1.9,21.9,58.81,29.1,93.9,6058.32,1.09,14.41,14.41,186.32,117.16,110119.88,20.1,316.6,154.85,9.689,37.94,52.367,1.2,1.202550446,10.63266553,6.7,0
6,185.12,135.81,88.6,23,11.42,11.42,5.6,17.2,70.19,35.9,95.8,5081.62,2.2,14.46,14.46,197.74,128.58,115201.5,24,331.06,169.31,9.689,37.94,52.367,1.2,1.403861393,10.63266553,3.9,0
6,146.56,151.5,90.7,24,7.62,0,0.8,12,68.89,51.8,91.4,3382.18,0.89,14.52,0,205.36,128.58,118583.68,24,345.58,169.31,9.689,37.94,52.367,1.2,1.43,11.32,0,0
6,146.56,151.5,90.7,24,7.62,0,0.8,12,68.89,51.8,91.4,3382.18,0.89,14.52,0,205.36,128.58,118583.68,24,345.58,169.31,9.689,37.94,52.367,1.2,1.43,11.32,0,0
6,131.43,137.89,94.73,25,10.02,10.02,2.8,14.8,61.07,37.9,89.8,4033.68,1.44,14.57,14.57,215.38,138.59,122617.35,24,360.15,183.88,9.689,37.94,52.367,1.2,1.579,11.871,0,0
6,121.06,129.49,97.7,26,9.27,9.27,3.3,13.4,55.6,37.7,76,5607.25,2.7,14.63,14.63,224.65,147.86,128224.6,24,374.78,198.51,9.689,37.94,52.367,1.2,1.728,12.422,0,0
6,115.02,125.79,99.67,27,8.34,0,-0.2,14.7,60.97,37.2,90.8,4732.32,1.1,14.68,0,232.99,147.86,132956.92,24,389.46,198.51,9.689,37.94,52.367,1.2,1.877,12.973,0,0
6,109.43,122.64,100.87,28,9.79,9.79,4.8,14,67.73,47.4,83,2193.3,2.94,14.73,14.73,242.78,157.65,135150.22,24.1,404.19,213.24,9.689,37.94,52.367,1.2,2.026,13.524,0.1,5.31
6,110.78,118.04,101.16,29,7.31,0,3.4,12.2,72.19,45.5,89.8,4149.88,2.23,14.79,0,250.09,157.65,139300.1,25.7,418.98,213.24,9.689,37.94,52.367,1.2,2.175,14.075,1.6,0
6,111.64,115.78,101.53,30,6.86,0,2,11.9,81.79,57,93.5,2475.72,1.11,14.84,0,256.94,157.65,141775.83,29.4,433.82,213.24,9.689,37.94,52.367,1.2,2.324,14.626,3.7,0
6,118.85,113.67,101.37,31,8.35,0,3.8,13.3,65.74,39.4,89.8,5855.15,1.96,14.89,0,265.29,157.65,147630.98,29.4,448.71,213.24,9.689,37.94,52.367,1.2,2.473,15.177,0,0
6,110.03,112.63,101.16,32,10.29,10.29,0.4,18.3,62.8,42.1,89.4,5233.9,1.12,14.94,14.94,275.58,167.94,152864.88,29.4,463.65,228.18,9.689,37.94,52.367,1.2,2.622,15.728,0,0
6,100.21,111.3,100.89,33,18.3,18.3,6.5,28.6,57.11,31.3,89.3,6701.18,1.38,14.99,14.99,293.87,186.24,159566.05,29.4,478.64,243.17,9.689,37.94,52.367,1.2,2.771,16.279,0,0
6,86.4,107.94,100.69,34,16.34,16.34,13,20.2,75.5,54.4,95.6,1515.58,1.21,15.04,15.04,310.21,202.57,161081.62,36.6,493.68,258.21,9.689,37.94,52.367,1.2,2.92,16.83,7.2,0
6,94.31,104.03,100.48,35,13.55,13.55,12.3,15.1,91.07,85,96.8,1547.03,0.67,15.09,15.09,323.76,216.12,162628.65,40.6,508.77,273.3,9.689,37.94,52.367,1.2,3.08,17.22,4,0
6,117.34,102.07,99.78,36,14.16,14.16,8.9,19,72.26,46.9,89.2,4529.52,1.27,15.14,15.14,337.92,230.28,167158.17,40.6,523.91,288.44,9.689,37.94,52.367,1.2,3.24,17.61,0,0
6,99.45,99.52,99.13,37,12.87,12.87,5.7,19.9,72,42.4,95.6,5750.65,1.12,15.19,15.19,350.79,243.16,172908.83,40.6,539.1,303.63,9.689,37.94,52.367,1.2,3.4,18,0,0
6,99.45,99.52,99.13,37,12.87,12.87,5.7,19.9,72,42.4,95.6,5750.65,1.12,15.19,15.19,350.79,243.16,172908.83,40.6,539.1,303.63,9.689,37.94,52.367,1.2,3.4,18,0,0
6,79.61,95.38,98.29,38,13.05,13.05,7.1,19.3,68.93,45,88.4,5428.4,1.02,15.24,15.24,363.84,256.21,178337.22,40.9,554.34,318.87,9.689,37.94,52.367,1.2,3.56,18.39,0.3,0
6,63.09,90.28,97.47,39,11.9,11.9,9.2,14.9,75.43,56.3,90.8,3189.2,1.54,15.28,15.28,375.74,268.1,181526.42,42.9,569.62,334.15,9.689,37.94,52.367,1.2,3.623333333,18.62,2,13.33
6,170.01,87.84,96.72,40,11.68,11.68,6.9,18.6,80.23,47.3,95.7,4802.18,1.35,15.33,15.33,387.43,279.79,186328.6,49.5,584.95,349.48,9.689,37.94,52.367,1.2,3.686666667,18.85,6.6,0
6,189.38,118.73,95.88,41,11.93,11.93,8.8,16.4,80.68,62.9,95.5,3797.85,1.57,15.37,15.37,399.36,291.72,190126.45,54.2,600.32,364.85,9.689,37.94,52.367,1.2,3.75,19.08,4.7,0
6,165.97,162.73,95.99,42,11.67,11.67,8.1,16.5,77.5,57.3,92.7,4489.98,1.55,15.42,15.42,411.03,303.39,194616.42,55,615.74,380.27,9.689,37.94,52.367,1.2,3.815,19.615,0.8,0
6,135.71,139.52,98.57,43,11.75,11.75,5.6,17.6,73.71,47.3,95.5,5832.42,1.43,15.46,15.46,422.78,315.14,200448.85,56.5,631.2,395.73,9.689,37.94,52.367,1.2,3.88,20.15,1.5,0
6,115.19,123.51,101,44,13.18,13.18,8.1,17.7,68.84,48.9,93.1,4335.35,1.01,15.5,15.5,435.96,328.32,204784.2,56.5,646.7,411.23,9.689,37.94,52.367,1.2,3.945,20.685,0,0
6,90.99,111.1,102.23,45,13.87,13.87,8.6,18.1,62.95,41.3,89.2,5263.5,2.06,15.54,15.54,449.83,342.2,210047.7,59.2,662.24,426.77,9.689,37.94,52.367,1.2,4.01,21.22,2.7,0
6,67.13,98.72,101.53,46,12.23,12.23,8.5,16.9,69.96,49.5,92.3,4715.12,2.47,15.59,15.59,462.06,354.42,214762.83,60.4,677.83,442.36,9.689,37.94,52.367,1.2,4.01,21.22,1.2,0
6,50.28,87.61,100.23,47,12.2,12.2,7.5,17.6,67.03,43.8,87.9,4898.05,1.86,15.62,15.62,474.26,366.62,219660.88,60.4,693.45,457.98,9.689,37.94,52.367,1.2,4.01,21.22,0,0
6,39.54,78.19,98.65,48,11.86,11.86,5,20.2,73.58,35.9,92.2,4898.45,1.3,15.66,15.66,486.12,378.48,224559.33,61.9,709.11,473.64,9.689,37.94,52.367,1.2,4.01,21.22,1.5,0
6,35.02,73.38,96.85,49,10.32,10.32,8.3,14.7,77.5,55,88.4,2502.93,2.26,15.7,15.7,496.43,388.8,227062.25,64.1,724.81,489.34,9.689,37.94,52.367,1.2,4.01,21.22,2.2,22.53
6,192.13,96.15,95.49,50,10.68,10.68,6.9,14.6,84.31,61.8,93.2,2876.4,1.31,15.74,15.74,507.11,399.47,229938.65,69.4,740.55,505.08,9.689,37.94,52.367,1.2,4.01,21.22,5.3,0
44,81,91,91,3,11.81,11.81,4.2,17.6,60.16,41.7,81.5,4797.7,1.66,13.99,13.99,46.31,46.31,25092.58,0,55.6,55.6,9.689,37.94,52.367,1.2,0.177506973,10.63266553,0,0
44,79,90,91,4,13.56,13.56,5.8,19.5,58.82,40.9,84.4,6101.1,2.14,14.05,14.05,59.87,59.87,31193.68,0,69.65,69.65,9.689,37.94,52.367,1.2,0.177506973,10.63266553,0,7.3
44,77,89,90,5,13.02,13.02,9.8,16,62.86,54,72.9,3737.72,2.15,14.11,14.11,72.89,72.89,34931.4,0,83.76,83.76,9.689,37.94,52.367,1.2,0.177506973,10.63266553,0,0
44,76,89,90,6,12.44,12.44,8.2,15.6,60.33,47.3,77.7,1930.2,0.98,14.16,14.16,85.33,85.33,36861.6,0,97.92,97.92,9.689,37.94,52.367,1.2,0.177506973,10.63266553,0,0
44,74,88,90,7,10.39,10.39,5.7,17.2,73.94,49.3,90.8,4597.82,1.18,14.22,14.22,95.71,95.71,41459.43,0.2,112.14,112.14,9.689,37.94,52.367,1.2,0.177506973,10.63266553,0.2,0
44,74,88,90,8,8.65,0,5.8,10,85.22,79.8,91,1218,1.18,14.28,0,104.36,95.71,42677.43,8.2,126.42,112.14,9.689,37.94,52.367,1.2,0.177506973,10.63266553,8,0
44,74,87,89,9,12.48,12.48,7.1,19.3,67.43,33.7,91.4,6808.8,1.59,14.34,14.34,116.84,108.19,49486.22,8.2,140.76,126.48,9.689,37.94,52.367,1.2,0.177506973,10.63266553,0,0
44,97.95,95.61,101.11,10,13.51,13.51,4.3,20.9,62.18,36.3,92.7,7209.45,0.89,14.39,14.39,130.35,121.7,56695.68,8.2,155.15,140.87,9.689,37.94,52.367,1.2,0.177506973,10.63266553,0,7.5
44,116.09,96.78,101.11,11,13.8,13.8,6.8,20.6,63.02,34.5,88.9,4472.5,1.52,14.45,14.45,144.15,135.5,61168.18,8.2,169.6,155.32,9.689,37.94,52.367,1.2,0.220139487,11.05031427,0,0
44,109.68,97.53,100.72,12,10.59,10.59,9.5,12,75.34,65.4,82.9,2086.1,1.69,14.5,14.5,154.74,146.09,63254.28,10.3,184.1,169.82,9.689,37.94,52.367,1.2,0.272503045,11.47430099,2.1,0
44,105.27,97.61,100.17,13,12.92,12.92,9.1,17.4,66.27,54.4,76.7,4257.5,1.24,14.56,14.56,167.66,159.01,67511.77,10.3,198.66,184.38,9.689,37.94,52.367,1.2,0.336538221,11.90415394,0,0
44,102.72,97.92,101.28,14,14.99,14.99,9,21.1,63.02,41.2,83.4,6179.88,1.2,14.61,14.61,182.65,174,73691.65,10.3,213.27,198.99,9.689,37.94,52.367,1.2,0.41429326,12.33876207,0,7.4
44,119.16,98.5,101.06,15,16.95,16.95,13,22.4,56.63,44.5,68.9,5334.38,1.83,14.67,14.67,199.59,190.94,79026.02,10.3,227.94,213.66,9.689,37.94,52.367,1.2,0.508020915,12.77755983,0,0
44,109.49,99.47,101.19,16,16.3,16.3,12.7,21.3,58.05,46.3,71,5311.52,1.7,14.72,14.72,215.89,207.24,84337.55,10.4,242.66,228.38,9.689,37.94,52.367,1.2,0.61982062,13.21934492,0.1,0
44,101.17,97.77,101.43,18,15.92,15.92,9.4,22.6,55.86,33.7,84.4,6692.15,1.22,14.83,14.83,246.38,237.73,93622.12,11.1,272.26,257.98,9.689,37.94,52.367,1.2,0.904795464,14.10840235,0.7,15.7
44,169.59,122.77,109.14,19,16.47,16.47,6.5,23.7,59.98,36.9,91.4,6765.35,1.03,14.88,14.88,262.85,254.2,100387.48,11.1,287.14,272.86,9.689,37.94,52.367,1.2,1.07985023,14.55373266,0,10.3
44,172.93,165.17,165.03,20,16.75,16.75,11.6,22.2,69.17,48.2,92.6,4531.27,1.52,14.93,14.93,279.6,270.95,104918.75,15.4,302.07,287.79,9.689,37.94,52.367,1.2,1.276028411,14.9981835,4.3,0
44,160.41,157.41,173.42,21,17.5,17.5,10,25.4,64.69,36.8,90.8,7414.42,0.96,14.98,14.98,297.1,288.45,112333.18,15.4,317.05,302.77,9.689,37.94,52.367,1.2,1.491119146,15.44076899,0,4.2
44,144.3,141.28,157.92,22,18.34,18.34,9.2,26.7,64.43,37.4,93.2,5806.4,0.82,15.03,15.03,315.44,306.79,118139.57,15.4,332.08,317.8,9.689,37.94,52.367,1.2,1.721316083,15.88051333,0,0
44,124.68,131.36,148.37,23,21.24,21.24,12.3,29.1,56.06,28.8,88.2,7447.42,1.74,15.08,15.08,336.68,328.03,125587,15.4,347.16,332.88,9.689,37.94,52.367,1.2,1.961351664,16.31645942,0,0
44,108.76,123.38,140.52,24,19.68,19.68,13.3,24.5,53.55,35.7,78.8,7060.85,1.55,15.13,15.13,356.36,347.71,132647.85,15.4,362.29,348.01,9.689,37.94,52.367,1.2,2.204904495,16.74767727,0,0
44,93.31,116.5,132.98,25,16.55,16.55,9,22.8,56.55,34.6,87.1,7393.15,1.43,15.18,15.18,372.91,364.26,140041,15.4,377.47,363.19,9.689,37.94,52.367,1.2,2.445230884,17.1732719,0,0
44,78.08,111.17,129.44,26,17.78,17.78,9.4,26.3,55.98,28.3,87.4,7655.75,0.97,15.22,15.22,390.69,382.04,147696.75,15.4,392.69,378.41,9.689,37.94,52.367,1.2,2.675748272,17.59211822,0,24.3
44,150.25,144.48,160.68,27,19.09,19.09,9.4,26.8,54.7,30.6,86.3,7335.95,1.16,15.27,15.27,409.78,401.13,155032.7,15.4,407.96,393.68,9.689,37.94,52.367,1.2,2.891165574,18.00369685,0,0
44,129.52,135.56,157.9,28,18.31,18.31,12.5,25.8,70.42,49.2,91.3,4293,1.1,15.32,15.32,428.08,419.43,159325.7,24.6,423.28,409,9.689,37.94,52.367,1.2,3.08746389,18.40726025,9.2,0
44,134.17,135.7,156.84,29,19.87,19.87,11.7,27.1,66.81,39.5,95.9,7200.9,0.78,15.36,15.36,447.95,439.3,166526.6,24.6,438.64,424.36,9.689,37.94,52.367,1.2,3.262138985,18.80186692,0,0
44,102.74,125.41,147.18,30,22.05,22.05,12.8,29.6,60.35,33.1,92.2,7487.3,0.95,15.41,15.41,470,461.35,174013.9,24.6,454.05,439.77,9.689,37.94,52.367,1.2,3.41447863,19.18716002,0,0
44,76.83,115.96,137.96,31,21.1,21.1,13.9,30.7,69.88,42.8,91.8,5806.5,1.13,15.45,15.45,491.1,482.45,179820.4,28.9,469.5,455.22,9.689,37.94,52.367,1.2,3.544847756,19.56234335,4.3,0
44,61.63,98.55,123.19,33,16.4,16.4,10.5,22.2,64.01,42.5,85.3,5954.2,1.49,15.53,15.53,528.24,519.59,190875.78,35.1,500.52,486.24,9.689,37.94,52.367,1.2,3.656,18.566,6.2,0
44,49.41,89.39,117.04,34,17.82,17.82,8.9,24.8,61.68,39.7,91.4,7326.68,0.9,15.57,15.57,546.06,537.41,198202.45,35.1,516.09,501.81,9.689,37.94,52.367,1.2,3.702,18.862,0,0
44,39.98,80.05,111.17,35,18.91,18.91,13.4,25.6,73.42,54.4,92.9,4978.32,1.36,15.61,15.61,564.97,556.32,203180.78,38.9,531.7,517.42,9.689,37.94,52.367,1.2,3.748,19.158,3.8,4.7
44,37.82,72.98,104.54,36,16.16,16.16,10.7,20.1,68.49,43.5,92.7,6326.85,1.67,15.65,15.65,581.13,572.48,209507.62,41.7,547.35,533.07,9.689,37.94,52.367,1.2,3.794,19.454,2.8,0
44,34.97,66.64,100.46,37,16.03,16.03,7.5,21.9,60.44,36.7,92.4,7108.35,1.34,15.69,15.69,597.16,588.51,216615.98,41.7,563.04,548.76,9.689,37.94,52.367,1.2,3.84,19.75,0,29.8
44,149.59,92.35,106.26,38,17.94,17.94,11.4,23.1,59.31,43.8,81.2,5330.92,1.43,15.73,15.73,615.1,606.45,221946.9,41.7,578.77,564.49,9.689,37.94,52.367,1.2,3.876,19.994,0,0
44,112.1,107.19,119.46,39,16.96,16.96,12.2,22,63.83,42.4,82.7,4552.5,2.1,15.76,15.76,632.06,623.41,226499.4,42.2,594.53,580.25,9.689,37.94,52.367,1.2,3.912,20.238,0.5,0
44,87.31,96.05,114.74,40,13.93,13.93,6.4,19.3,54.71,34,83.9,7431,1.81,15.8,15.8,645.99,637.35,233930.4,42.2,610.33,596.05,9.689,37.94,52.367,1.2,3.948,20.482,0,21.2
44,165.42,96.29,110.4,41,12.72,12.72,8.3,18.6,57.08,38.4,79.1,6267.98,1.66,15.83,15.83,658.72,650.07,240198.38,42.2,626.16,611.88,9.689,37.94,52.367,1.2,3.984,20.726,0,0
44,120.24,103.02,113.96,42,12.59,12.59,7,18.2,64.7,41.1,88.6,4920.85,0.95,15.86,15.86,671.31,662.66,245119.22,42.2,642.02,627.74,9.689,37.94,52.367,1.2,4.02,20.97,0,0
44,97.41,94.39,110.58,43,15.03,15.03,7.5,22.1,59.39,34.8,83.9,5991.32,1.02,15.89,15.89,686.34,677.69,251110.55,42.2,657.91,643.63,9.689,37.94,52.367,1.2,4.07,21.4125,0,0
44,72.16,80.91,104.08,44,16.23,16.23,9.5,23,55.98,32.6,83.1,6822.15,1.57,15.92,15.92,702.57,693.92,257932.7,42.2,673.83,659.55,9.689,37.94,52.367,1.2,4.12,21.855,0,0
44,47.28,65.33,97.26,45,16.21,16.21,7.3,22.9,54.72,31.4,86.5,7976.92,1.09,15.95,15.95,718.78,710.14,265909.62,42.2,689.78,675.5,9.689,37.94,52.367,1.2,4.17,22.2975,0,0
44,34.3,57.66,93.35,46,18.53,18.53,10.5,25.6,64.68,43.9,91.8,5056.48,0.87,15.98,15.98,737.32,728.67,270966.1,42.9,705.76,691.48,9.689,37.94,52.367,1.2,4.22,22.74,0.7,0
45,81,91,91,3,11.81,11.81,4.2,17.6,60.16,41.7,81.5,4797.7,1.66,13.99,13.99,46.31,46.31,25092.58,0,55.6,55.6,9.689,37.94,52.367,1.2,0.177506973,10.63266553,0,0
45,79,90,91,4,13.56,13.56,5.8,19.5,58.82,40.9,84.4,6101.1,2.14,14.05,14.05,59.87,59.87,31193.68,0,69.65,69.65,9.689,37.94,52.367,1.2,0.177506973,10.63266553,0,6.9
45,77,89,90,5,13.02,13.02,9.8,16,62.86,54,72.9,3737.72,2.15,14.11,14.11,72.89,72.89,34931.4,0,83.76,83.76,9.689,37.94,52.367,1.2,0.177506973,10.63266553,0,0
45,76,89,90,6,12.44,12.44,8.2,15.6,60.33,47.3,77.7,1930.2,0.98,14.16,14.16,85.33,85.33,36861.6,0,97.92,97.92,9.689,37.94,52.367,1.2,0.177506973,10.63266553,0,0
45,74,88,90,7,10.39,10.39,5.7,17.2,73.94,49.3,90.8,4597.82,1.18,14.22,14.22,95.71,95.71,41459.43,0.2,112.14,112.14,9.689,37.94,52.367,1.2,0.177506973,10.63266553,0.2,0
45,74,88,90,8,8.65,0,5.8,10,85.22,79.8,91,1218,1.18,14.28,0,104.36,95.71,42677.43,8.2,126.42,112.14,9.689,37.94,52.367,1.2,0.177506973,10.63266553,8,0
45,74,87,89,9,12.48,12.48,7.1,19.3,67.43,33.7,91.4,6808.8,1.59,14.34,14.34,116.84,108.19,49486.22,8.2,140.76,126.48,9.689,37.94,52.367,1.2,0.177506973,10.63266553,0,0
45,102.04,95.11,96.43,10,13.51,13.51,4.3,20.9,62.18,36.3,92.7,7209.45,0.89,14.39,14.39,130.35,121.7,56695.68,8.2,155.15,140.87,9.689,37.94,52.367,1.2,0.177506973,10.63266553,0,7.1
45,105.62,96.19,96.07,11,13.8,13.8,6.8,20.6,63.02,34.5,88.9,4472.5,1.52,14.45,14.45,144.15,135.5,61168.18,8.2,169.6,155.32,9.689,37.94,52.367,1.2,0.220139487,11.05031427,0,0
45,121.23,97.71,95.64,12,10.59,10.59,9.5,12,75.34,65.4,82.9,2086.1,1.69,14.5,14.5,154.74,146.09,63254.28,10.3,184.1,169.82,9.689,37.94,52.367,1.2,0.272503045,11.47430099,2.1,0
45,116.23,98.85,95.5,13,12.92,12.92,9.1,17.4,66.27,54.4,76.7,4257.5,1.24,14.56,14.56,167.66,159.01,67511.77,10.3,198.66,184.38,9.689,37.94,52.367,1.2,0.336538221,11.90415394,0,0
45,111.7209091,100.54,96.54,14,14.99,14.99,9,21.1,63.02,41.2,83.4,6179.88,1.2,14.61,14.61,182.65,174,73691.65,10.3,213.27,198.99,9.689,37.94,52.367,1.2,0.41429326,12.33876207,0,7.1
45,107.9318182,100.3,96.38,15,16.95,16.95,13,22.4,56.63,44.5,68.9,5334.38,1.83,14.67,14.67,199.59,190.94,79026.02,10.3,227.94,213.66,9.689,37.94,52.367,1.2,0.508020915,12.77755983,0,0
45,119.2845455,102.13,96.98,16,16.3,16.3,12.7,21.3,58.05,46.3,71,5311.52,1.7,14.72,14.72,215.89,207.24,84337.55,10.4,242.66,228.38,9.689,37.94,52.367,1.2,0.61982062,13.21934492,0.1,0
45,109.2809091,100.6,97.65,18,15.92,15.92,9.4,22.6,55.86,33.7,84.4,6692.15,1.22,14.83,14.83,246.38,237.73,93622.12,11.1,272.26,257.98,9.689,37.94,52.367,1.2,0.904795464,14.10840235,0.7,0.3
45,103.8036364,99.98,97.92,19,16.47,16.47,6.5,23.7,59.98,36.9,91.4,6765.35,1.03,14.88,14.88,262.85,254.2,100387.48,11.1,287.14,272.86,9.689,37.94,52.367,1.2,1.07985023,14.55373266,0,0
45,100.0509091,97.16,97.57,20,16.75,16.75,11.6,22.2,69.17,48.2,92.6,4531.27,1.52,14.93,14.93,279.6,270.95,104918.75,15.4,302.07,287.79,9.689,37.94,52.367,1.2,1.276028411,14.9981835,4.3,0
45,95.31636364,95.79,97.22,21,17.5,17.5,10,25.4,64.69,36.8,90.8,7414.42,0.96,14.98,14.98,297.1,288.45,112333.18,15.4,317.05,302.77,9.689,37.94,52.367,1.2,1.491119146,15.44076899,0,3.9
45,90.14727273,94.25,96.66,22,18.34,18.34,9.2,26.7,64.43,37.4,93.2,5806.4,0.82,15.03,15.03,315.44,306.79,118139.57,15.4,332.08,317.8,9.689,37.94,52.367,1.2,1.721316083,15.88051333,0,0
45,88.36909091,92.37,96.38,23,21.24,21.24,12.3,29.1,56.06,28.8,88.2,7447.42,1.74,15.08,15.08,336.68,328.03,125587,15.4,347.16,332.88,9.689,37.94,52.367,1.2,1.961351664,16.31645942,0,0
45,85.56,88.4,95.86,24,19.68,19.68,13.3,24.5,53.55,35.7,78.8,7060.85,1.55,15.13,15.13,356.36,347.71,132647.85,15.4,362.29,348.01,9.689,37.94,52.367,1.2,2.204904495,16.74767727,0,0
45,77.40545455,82.93,95.04,25,16.55,16.55,9,22.8,56.55,34.6,87.1,7393.15,1.43,15.18,15.18,372.91,364.26,140041,15.4,377.47,363.19,9.689,37.94,52.367,1.2,2.445230884,17.1732719,0,0
45,62.46818182,77.91,93.69,26,17.78,17.78,9.4,26.3,55.98,28.3,87.4,7655.75,0.97,15.22,15.22,390.69,382.04,147696.75,15.4,392.69,378.41,9.689,37.94,52.367,1.2,2.675748272,17.59211822,0,0
45,50.26090909,72.15,92.83,27,19.09,19.09,9.4,26.8,54.7,30.6,86.3,7335.95,1.16,15.27,15.27,409.78,401.13,155032.7,15.4,407.96,393.68,9.689,37.94,52.367,1.2,2.891165574,18.00369685,0,0
45,41.38090909,65.9,92.21,28,18.31,18.31,12.5,25.8,70.42,49.2,91.3,4293,1.1,15.32,15.32,428.08,419.43,159325.7,24.6,423.28,409,9.689,37.94,52.367,1.2,3.08746389,18.40726025,9.2,0
45,34.83545455,61.73,90.03,29,19.87,19.87,11.7,27.1,66.81,39.5,95.9,7200.9,0.78,15.36,15.36,447.95,439.3,166526.6,24.6,438.64,424.36,9.689,37.94,52.367,1.2,3.262138985,18.80186692,0,0
45,30.01727273,56.47,88.43,30,22.05,22.05,12.8,29.6,60.35,33.1,92.2,7487.3,0.95,15.41,15.41,470,461.35,174013.9,24.6,454.05,439.77,9.689,37.94,52.367,1.2,3.41447863,19.18716002,0,0
45,27.17363636,50.27,85.72,31,21.1,21.1,13.9,30.7,69.88,42.8,91.8,5806.5,1.13,15.45,15.45,491.1,482.45,179820.4,28.9,469.5,455.22,9.689,37.94,52.367,1.2,3.544847756,19.56234335,4.3,0
45,25.32545455,42.56,80.47,33,16.4,16.4,10.5,22.2,64.01,42.5,85.3,5954.2,1.49,15.53,15.53,528.24,519.59,190875.78,35.1,500.52,486.24,9.689,37.94,52.367,1.2,3.556,19.346,6.2,0
45,24.77727273,39.32,77.57,34,17.82,17.82,8.9,24.8,61.68,39.7,91.4,7326.68,0.9,15.57,15.57,546.06,537.41,198202.45,35.1,516.09,501.81,9.689,37.94,52.367,1.2,3.642,19.702,0,0
45,24.45,35.04,74.17,35,18.91,18.91,13.4,25.6,73.42,54.4,92.9,4978.32,1.36,15.61,15.61,564.97,556.32,203180.78,38.9,531.7,517.42,9.689,37.94,52.367,1.2,3.728,20.058,3.8,4.5
45,24.15,32.73,70.41,36,16.16,16.16,10.7,20.1,68.49,43.5,92.7,6326.85,1.67,15.65,15.65,581.13,572.48,209507.62,41.7,547.35,533.07,9.689,37.94,52.367,1.2,3.814,20.414,2.8,0
45,24.12818182,31.32,67.28,37,16.03,16.03,7.5,21.9,60.44,36.7,92.4,7108.35,1.34,15.69,15.69,597.16,588.51,216615.98,41.7,563.04,548.76,9.689,37.94,52.367,1.2,3.9,20.77,0,0
45,24.15181818,28.95,63.52,38,17.94,17.94,11.4,23.1,59.31,43.8,81.2,5330.92,1.43,15.73,15.73,615.1,606.45,221946.9,41.7,578.77,564.49,9.689,37.94,52.367,1.2,3.944,21.158,0,0
45,24.89818182,27.44,59.48,39,16.96,16.96,12.2,22,63.83,42.4,82.7,4552.5,2.1,15.76,15.76,632.06,623.41,226499.4,42.2,594.53,580.25,9.689,37.94,52.367,1.2,3.988,21.546,0.5,0
45,25.95272727,26.52,55.31,40,13.93,13.93,6.4,19.3,54.71,34,83.9,7431,1.81,15.8,15.8,645.99,637.35,233930.4,42.2,610.33,596.05,9.689,37.94,52.367,1.2,4.032,21.934,0,0
45,25.88909091,25.91,50.76,41,12.72,12.72,8.3,18.6,57.08,38.4,79.1,6267.98,1.66,15.83,15.83,658.72,650.07,240198.38,42.2,626.16,611.88,9.689,37.94,52.367,1.2,4.076,22.322,0,0
45,24.96545455,25.51,47.04,42,12.59,12.59,7,18.2,64.7,41.1,88.6,4920.85,0.95,15.86,15.86,671.31,662.66,245119.22,42.2,642.02,627.74,9.689,37.94,52.367,1.2,4.12,22.71,0,0
45,24.50818182,25.24,43.45,43,15.03,15.03,7.5,22.1,59.39,34.8,83.9,5991.32,1.02,15.89,15.89,686.34,677.69,251110.55,42.2,657.91,643.63,9.689,37.94,52.367,1.2,4.125,22.77,0,0
45,24.27181818,24.94,39.79,44,16.23,16.23,9.5,23,55.98,32.6,83.1,6822.15,1.57,15.92,15.92,702.57,693.92,257932.7,42.2,673.83,659.55,9.689,37.94,52.367,1.2,4.13,22.83,0,0
45,24.18272727,24.66,36.41,45,16.21,16.21,7.3,22.9,54.72,31.4,86.5,7976.92,1.09,15.95,15.95,718.78,710.14,265909.62,42.2,689.78,675.5,9.689,37.94,52.367,1.2,4.135,22.89,0,0
45,24.11,24.48,33.75,46,18.53,18.53,10.5,25.6,64.68,43.9,91.8,5056.48,0.87,15.98,15.98,737.32,728.67,270966.1,42.9,705.76,691.48,9.689,37.94,52.367,1.2,4.14,22.95,0.7,0
47,81,91,91,3,11.81,11.81,4.2,17.6,60.16,41.7,81.5,4797.7,1.66,13.99,13.99,46.31,46.31,25092.58,0,55.6,55.6,9.689,37.94,52.367,1.2,0.177506973,10.63266553,0,0
47,79,90,91,4,13.56,13.56,5.8,19.5,58.82,40.9,84.4,6101.1,2.14,14.05,14.05,59.87,59.87,31193.68,0,69.65,69.65,9.689,37.94,52.367,1.2,0.177506973,10.63266553,0,7.1
47,77,89,90,5,13.02,13.02,9.8,16,62.86,54,72.9,3737.72,2.15,14.11,14.11,72.89,72.89,34931.4,0,83.76,83.76,9.689,37.94,52.367,1.2,0.177506973,10.63266553,0,0
47,76,89,90,6,12.44,12.44,8.2,15.6,60.33,47.3,77.7,1930.2,0.98,14.16,14.16,85.33,85.33,36861.6,0,97.92,97.92,9.689,37.94,52.367,1.2,0.177506973,10.63266553,0,0
47,74,88,90,7,10.39,10.39,5.7,17.2,73.94,49.3,90.8,4597.82,1.18,14.22,14.22,95.71,95.71,41459.43,0.2,112.14,112.14,9.689,37.94,52.367,1.2,0.177506973,10.63266553,0.2,0
47,74,88,90,8,8.65,0,5.8,10,85.22,79.8,91,1218,1.18,14.28,0,104.36,95.71,42677.43,8.2,126.42,112.14,9.689,37.94,52.367,1.2,0.177506973,10.63266553,8,0
47,74,87,89,9,12.48,12.48,7.1,19.3,67.43,33.7,91.4,6808.8,1.59,14.34,14.34,116.84,108.19,49486.22,8.2,140.76,126.48,9.689,37.94,52.367,1.2,0.177506973,10.63266553,0,0
47,92.10363636,94.21,98.62,10,13.51,13.51,4.3,20.9,62.18,36.3,92.7,7209.45,0.89,14.39,14.39,130.35,121.7,56695.68,8.2,155.15,140.87,9.689,37.94,52.367,1.2,0.177506973,10.63266553,0,7.1
47,93.40659091,94.81,98.78,11,13.8,13.8,6.8,20.6,63.02,34.5,88.9,4472.5,1.52,14.45,14.45,144.15,135.5,61168.18,8.2,169.6,155.32,9.689,37.94,52.367,1.2,0.220139487,11.05031427,0,0
47,100.3318182,94.86,98.19,12,10.59,10.59,9.5,12,75.34,65.4,82.9,2086.1,1.69,14.5,14.5,154.74,146.09,63254.28,10.3,184.1,169.82,9.689,37.94,52.367,1.2,0.272503045,11.47430099,2.1,0
47,101.9525,95.2,97.86,13,12.92,12.92,9.1,17.4,66.27,54.4,76.7,4257.5,1.24,14.56,14.56,167.66,159.01,67511.77,10.3,198.66,184.38,9.689,37.94,52.367,1.2,0.336538221,11.90415394,0,0
47,100.8827273,95.86,98.42,14,14.99,14.99,9,21.1,63.02,41.2,83.4,6179.88,1.2,14.61,14.61,182.65,174,73691.65,10.3,213.27,198.99,9.689,37.94,52.367,1.2,0.41429326,12.33876207,0,7
47,98.81090909,96.43,98.12,15,16.95,16.95,13,22.4,56.63,44.5,68.9,5334.38,1.83,14.67,14.67,199.59,190.94,79026.02,10.3,227.94,213.66,9.689,37.94,52.367,1.2,0.508020915,12.77755983,0,0
47,100.6218182,96.8,97.92,16,16.3,16.3,12.7,21.3,58.05,46.3,71,5311.52,1.7,14.72,14.72,215.89,207.24,84337.55,10.4,242.66,228.38,9.689,37.94,52.367,1.2,0.61982062,13.21934492,0.1,0
47,100.5554545,95.14,97.85,18,15.92,15.92,9.4,22.6,55.86,33.7,84.4,6692.15,1.22,14.83,14.83,246.38,237.73,93622.12,11.1,272.26,257.98,9.689,37.94,52.367,1.2,0.904795464,14.10840235,0.7,0.4
47,95.86318182,94.55,98.29,19,16.47,16.47,6.5,23.7,59.98,36.9,91.4,6765.35,1.03,14.88,14.88,262.85,254.2,100387.48,11.1,287.14,272.86,9.689,37.94,52.367,1.2,1.07985023,14.55373266,0,0
47,93.04454545,92.93,98.03,20,16.75,16.75,11.6,22.2,69.17,48.2,92.6,4531.27,1.52,14.93,14.93,279.6,270.95,104918.75,15.4,302.07,287.79,9.689,37.94,52.367,1.2,1.276028411,14.9981835,4.3,0
47,90.36045455,91.95,97.5,21,17.5,17.5,10,25.4,64.69,36.8,90.8,7414.42,0.96,14.98,14.98,297.1,288.45,112333.18,15.4,317.05,302.77,9.689,37.94,52.367,1.2,1.491119146,15.44076899,0,3.9
47,86.98545455,91.25,96.78,22,18.34,18.34,9.2,26.7,64.43,37.4,93.2,5806.4,0.82,15.03,15.03,315.44,306.79,118139.57,15.4,332.08,317.8,9.689,37.94,52.367,1.2,1.721316083,15.88051333,0,0
47,86.27431818,90.54,97.1,23,21.24,21.24,12.3,29.1,56.06,28.8,88.2,7447.42,1.74,15.08,15.08,336.68,328.03,125587,15.4,347.16,332.88,9.689,37.94,52.367,1.2,1.961351664,16.31645942,0,0
47,85.935,87.36,96.58,24,19.68,19.68,13.3,24.5,53.55,35.7,78.8,7060.85,1.55,15.13,15.13,356.36,347.71,132647.85,15.4,362.29,348.01,9.689,37.94,52.367,1.2,2.204904495,16.74767727,0,0
47,83.33545455,83.28,95.27,25,16.55,16.55,9,22.8,56.55,34.6,87.1,7393.15,1.43,15.18,15.18,372.91,364.26,140041,15.4,377.47,363.19,9.689,37.94,52.367,1.2,2.445230884,17.1732719,0,0
47,77.20727273,79.54,93.88,26,17.78,17.78,9.4,26.3,55.98,28.3,87.4,7655.75,0.97,15.22,15.22,390.69,382.04,147696.75,15.4,392.69,378.41,9.689,37.94,52.367,1.2,2.675748272,17.59211822,0,0
47,67.78704545,75.86,92.11,27,19.09,19.09,9.4,26.8,54.7,30.6,86.3,7335.95,1.16,15.27,15.27,409.78,401.13,155032.7,15.4,407.96,393.68,9.689,37.94,52.367,1.2,2.891165574,18.00369685,0,0
47,58.66409091,72.22,90.48,28,18.31,18.31,12.5,25.8,70.42,49.2,91.3,4293,1.1,15.32,15.32,428.08,419.43,159325.7,24.6,423.28,409,9.689,37.94,52.367,1.2,3.08746389,18.40726025,9.2,0
47,51.13886364,67.88,88.02,29,19.87,19.87,11.7,27.1,66.81,39.5,95.9,7200.9,0.78,15.36,15.36,447.95,439.3,166526.6,24.6,438.64,424.36,9.689,37.94,52.367,1.2,3.262138985,18.80186692,0,0
47,44.39090909,65.01,86.18,30,22.05,22.05,12.8,29.6,60.35,33.1,92.2,7487.3,0.95,15.41,15.41,470,461.35,174013.9,24.6,454.05,439.77,9.689,37.94,52.367,1.2,3.41447863,19.18716002,0,0
47,38.79977273,60.55,83.42,31,21.1,21.1,13.9,30.7,69.88,42.8,91.8,5806.5,1.13,15.45,15.45,491.1,482.45,179820.4,28.9,469.5,455.22,9.689,37.94,52.367,1.2,3.544847756,19.56234335,4.3,0
47,32.93204545,53.11,77.68,33,16.4,16.4,10.5,22.2,64.01,42.5,85.3,5954.2,1.49,15.53,15.53,528.24,519.59,190875.78,35.1,500.52,486.24,9.689,37.94,52.367,1.2,3.416,18.972,6.2,0
47,30.43363636,49.98,75.14,34,17.82,17.82,8.9,24.8,61.68,39.7,91.4,7326.68,0.9,15.57,15.57,546.06,537.41,198202.45,35.1,516.09,501.81,9.689,37.94,52.367,1.2,3.532,19.394,0,0
47,28.3575,46.37,72.13,35,18.91,18.91,13.4,25.6,73.42,54.4,92.9,4978.32,1.36,15.61,15.61,564.97,556.32,203180.78,38.9,531.7,517.42,9.689,37.94,52.367,1.2,3.648,19.816,3.8,4.4
47,27.00272727,42.95,68.59,36,16.16,16.16,10.7,20.1,68.49,43.5,92.7,6326.85,1.67,15.65,15.65,581.13,572.48,209507.62,41.7,547.35,533.07,9.689,37.94,52.367,1.2,3.764,20.238,2.8,0
47,26.06227273,40.52,65.96,37,16.03,16.03,7.5,21.9,60.44,36.7,92.4,7108.35,1.34,15.69,15.69,597.16,588.51,216615.98,41.7,563.04,548.76,9.689,37.94,52.367,1.2,3.88,20.66,0,0
47,25.76090909,37.41,62.73,38,17.94,17.94,11.4,23.1,59.31,43.8,81.2,5330.92,1.43,15.73,15.73,615.1,606.45,221946.9,41.7,578.77,564.49,9.689,37.94,52.367,1.2,3.922,21.068,0,0
47,25.4675,34.57,59.36,39,16.96,16.96,12.2,22,63.83,42.4,82.7,4552.5,2.1,15.76,15.76,632.06,623.41,226499.4,42.2,594.53,580.25,9.689,37.94,52.367,1.2,3.964,21.476,0.5,0
47,25.07272727,32.29,56.05,40,13.93,13.93,6.4,19.3,54.71,34,83.9,7431,1.81,15.8,15.8,645.99,637.35,233930.4,42.2,610.33,596.05,9.689,37.94,52.367,1.2,4.006,21.884,0,0
47,24.70977273,29.98,52.37,41,12.72,12.72,8.3,18.6,57.08,38.4,79.1,6267.98,1.66,15.83,15.83,658.72,650.07,240198.38,42.2,626.16,611.88,9.689,37.94,52.367,1.2,4.048,22.292,0,0
47,24.44545455,28.37,49.5,42,12.59,12.59,7,18.2,64.7,41.1,88.6,4920.85,0.95,15.86,15.86,671.31,662.66,245119.22,42.2,642.02,627.74,9.689,37.94,52.367,1.2,4.09,22.7,0,0
47,24.27227273,27.35,46.67,43,15.03,15.03,7.5,22.1,59.39,34.8,83.9,5991.32,1.02,15.89,15.89,686.34,677.69,251110.55,42.2,657.91,643.63,9.689,37.94,52.367,1.2,4.1,22.77,0,0
47,24.15272727,26.5,43.98,44,16.23,16.23,9.5,23,55.98,32.6,83.1,6822.15,1.57,15.92,15.92,702.57,693.92,257932.7,42.2,673.83,659.55,9.689,37.94,52.367,1.2,4.11,22.84,0,0
47,24.05772727,25.88,41.55,45,16.21,16.21,7.3,22.9,54.72,31.4,86.5,7976.92,1.09,15.95,15.95,718.78,710.14,265909.62,42.2,689.78,675.5,9.689,37.94,52.367,1.2,4.12,22.91,0,0
47,24.04,25.34,39.53,46,18.53,18.53,10.5,25.6,64.68,43.9,91.8,5056.48,0.87,15.98,15.98,737.32,728.67,270966.1,42.9,705.76,691.48,9.689,37.94,52.367,1.2,4.13,22.98,0.7,0
10,83,93,98,11,8.08,0,2.6,13.2,58.52,36,86.4,4816.3,1.32,13.77,0,70.23,9.67,44688.12,10,161.27,13.35,9.689,37.94,52.367,1.2,0.177506973,10.63266553,10,0
10,82,93,97,12,8.6,0,7.5,12,73.06,56.7,89.8,1204.15,0.81,13.83,0,78.84,9.67,45892.28,12.2,175.1,13.35,9.689,37.94,52.367,1.2,0.177506973,10.63266553,2.2,0
10,83,92,97,13,10.03,10.03,5.8,14.7,75.82,52.7,94.7,2698.85,0.63,13.89,13.89,88.87,19.7,48591.12,12.6,188.99,27.24,9.689,37.94,52.367,1.2,0.21832055,10.63266553,0.4,0.67
10,82,92,97,14,10.64,10.64,1.5,18.5,67.4,36.7,94.9,6692.2,0.82,13.95,13.95,99.51,30.34,55283.32,12.6,202.94,41.19,9.689,37.94,52.367,1.2,0.268115893,10.63266553,0,4.72
10,81,91,97,15,12.06,12.06,3.9,20,63.79,37,87.5,6055.25,1.23,14.01,14.01,111.57,42.41,61338.57,13.4,216.95,55.2,9.689,37.94,52.367,1.2,0.328596852,10.63266553,0.8,0
10,79,91,96,16,10.05,10.05,4,15.5,53.62,28.1,77.6,6844.95,1.98,14.06,14.06,121.62,52.46,68183.52,13.4,231.01,69.26,9.689,37.94,52.367,1.2,0.401583081,10.63266553,0,0
10,78,90,96,17,10.31,10.31,1.5,17.6,53.17,29.6,84.4,7092.6,1.17,14.12,14.12,131.94,62.77,75276.12,13.4,245.13,83.38,9.689,37.94,52.367,1.2,0.489095645,10.63266553,0,4.36
10,90.69,94.86,92.44,18,11.3,11.3,3.2,18.4,54.17,32.9,81.2,6938.32,1.23,14.18,14.18,143.24,74.07,82214.45,13.4,259.31,97.56,9.689,37.94,52.367,1.2,0.593115946,10.63266553,0,0
10,91.71,94.51,92.71,19,10.67,10.67,4.8,16.6,48.3,27.2,67.8,7244.73,1.57,14.24,14.24,153.91,84.74,89459.18,13.4,273.55,111.8,9.689,37.94,52.367,1.2,0.715458232,10.63266553,0,0
10,90.79,96.56,91.86,20,9.76,9.76,1.9,16.1,43.16,27.7,73.9,7388.58,1.75,14.29,14.29,163.67,94.51,96847.75,13.4,287.84,126.09,9.689,37.94,52.367,1.2,0.857435925,10.63266553,0,5.28
10,89.85,94.78,91.68,21,10.82,10.82,2.7,17.6,40.61,25.4,59.7,7213.8,1.52,14.35,14.35,174.49,105.32,104061.55,13.4,302.19,140.44,9.689,37.94,52.367,1.2,1.019874403,10.63266553,0,0
10,90.65,93.79,91.04,22,11.83,11.83,1.9,21.9,58.81,29.1,93.9,6058.32,1.09,14.41,14.41,186.32,117.16,110119.88,20.1,316.6,154.85,9.689,37.94,52.367,1.2,1.202550446,10.63266553,6.7,0
10,102.46,92.97,90.62,23,11.42,11.42,5.6,17.2,70.19,35.9,95.8,5081.62,2.2,14.46,14.46,197.74,128.58,115201.5,24,331.06,169.31,9.689,37.94,52.367,1.2,1.403861393,10.63266553,3.9,0
10,109.15,93.96,90.13,24,7.62,0,0.8,12,68.89,51.8,91.4,3382.18,0.89,14.52,0,205.36,128.58,118583.68,24,345.58,169.31,9.689,37.94,52.367,1.2,1.33,11.15,0,0
10,109.15,93.96,90.13,24,7.62,0,0.8,12,68.89,51.8,91.4,3382.18,0.89,14.52,0,205.36,128.58,118583.68,24,345.58,169.31,9.689,37.94,52.367,1.2,1.33,11.15,0,0
10,104.64,94.09,90.05,25,10.02,10.02,2.8,14.8,61.07,37.9,89.8,4033.68,1.44,14.57,14.57,215.38,138.59,122617.35,24,360.15,183.88,9.689,37.94,52.367,1.2,1.487,11.729,0,0
10,100.17,94.25,89.43,26,9.27,9.27,3.3,13.4,55.6,37.7,76,5607.25,2.7,14.63,14.63,224.65,147.86,128224.6,24,374.78,198.51,9.689,37.94,52.367,1.2,1.644,12.308,0,0
10,96.4,94.26,89.28,27,8.34,0,-0.2,14.7,60.97,37.2,90.8,4732.32,1.1,14.68,0,232.99,147.86,132956.92,24,389.46,198.51,9.689,37.94,52.367,1.2,1.801,12.887,0,0
10,90.54,93.38,89.08,28,9.79,9.79,4.8,14,67.73,47.4,83,2193.3,2.94,14.73,14.73,242.78,157.65,135150.22,24.1,404.19,213.24,9.689,37.94,52.367,1.2,1.958,13.466,0.1,5.33
10,85.18,91.91,88.73,29,7.31,0,3.4,12.2,72.19,45.5,89.8,4149.88,2.23,14.79,0,250.09,157.65,139300.1,25.7,418.98,213.24,9.689,37.94,52.367,1.2,2.115,14.045,1.6,0
10,84.54,90.93,88.43,30,6.86,0,2,11.9,81.79,57,93.5,2475.72,1.11,14.84,0,256.94,157.65,141775.83,29.4,433.82,213.24,9.689,37.94,52.367,1.2,2.272,14.624,3.7,0
10,86.8,89.82,87.64,31,8.35,0,3.8,13.3,65.74,39.4,89.8,5855.15,1.96,14.89,0,265.29,157.65,147630.98,29.4,448.71,213.24,9.689,37.94,52.367,1.2,2.429,15.203,0,0
10,86.82,89.56,87.87,32,10.29,10.29,0.4,18.3,62.8,42.1,89.4,5233.9,1.12,14.94,14.94,275.58,167.94,152864.88,29.4,463.65,228.18,9.689,37.94,52.367,1.2,2.586,15.782,0,0
10,79.91,89.18,87.34,33,18.3,18.3,6.5,28.6,57.11,31.3,89.3,6701.18,1.38,14.99,14.99,293.87,186.24,159566.05,29.4,478.64,243.17,9.689,37.94,52.367,1.2,2.743,16.361,0,0
10,66.29,87.23,87.27,34,16.34,16.34,13,20.2,75.5,54.4,95.6,1515.58,1.21,15.04,15.04,310.21,202.57,161081.62,36.6,493.68,258.21,9.689,37.94,52.367,1.2,2.9,16.94,7.2,0
10,66.1,84.91,86.88,35,13.55,13.55,12.3,15.1,91.07,85,96.8,1547.03,0.67,15.09,15.09,323.76,216.12,162628.65,40.6,508.77,273.3,9.689,37.94,52.367,1.2,3.0475,17.215,4,0
10,81.09,83.06,86.48,36,14.16,14.16,8.9,19,72.26,46.9,89.2,4529.52,1.27,15.14,15.14,337.92,230.28,167158.17,40.6,523.91,288.44,9.689,37.94,52.367,1.2,3.195,17.49,0,0
10,71.16,81.47,86.5,37,12.87,12.87,5.7,19.9,72,42.4,95.6,5750.65,1.12,15.19,15.19,350.79,243.16,172908.83,40.6,539.1,303.63,9.689,37.94,52.367,1.2,3.3425,17.765,0,0
10,71.16,81.47,86.5,37,12.87,12.87,5.7,19.9,72,42.4,95.6,5750.65,1.12,15.19,15.19,350.79,243.16,172908.83,40.6,539.1,303.63,9.689,37.94,52.367,1.2,3.3425,17.765,0,0
10,57.24,78.52,86.07,38,13.05,13.05,7.1,19.3,68.93,45,88.4,5428.4,1.02,15.24,15.24,363.84,256.21,178337.22,40.9,554.34,318.87,9.689,37.94,52.367,1.2,3.49,18.04,0.3,0
10,46.84,74.76,85.42,39,11.9,11.9,9.2,14.9,75.43,56.3,90.8,3189.2,1.54,15.28,15.28,375.74,268.1,181526.42,42.9,569.62,334.15,9.689,37.94,52.367,1.2,3.55,18.22333333,2,0
10,40.96,70.68,84.74,40,11.68,11.68,6.9,18.6,80.23,47.3,95.7,4802.18,1.35,15.33,15.33,387.43,279.79,186328.6,49.5,584.95,349.48,9.689,37.94,52.367,1.2,3.61,18.40666667,6.6,0
10,40.85,67.02,83.91,41,11.93,11.93,8.8,16.4,80.68,62.9,95.5,3797.85,1.57,15.37,15.37,399.36,291.72,190126.45,54.2,600.32,364.85,9.689,37.94,52.367,1.2,3.67,18.59,4.7,0
10,45.81,64.55,83.19,42,11.67,11.67,8.1,16.5,77.5,57.3,92.7,4489.98,1.55,15.42,15.42,411.03,303.39,194616.42,55,615.74,380.27,9.689,37.94,52.367,1.2,3.7475,19.25,0.8,0
10,44.5,61.89,82.43,43,11.75,11.75,5.6,17.6,73.71,47.3,95.5,5832.42,1.43,15.46,15.46,422.78,315.14,200448.85,56.5,631.2,395.73,9.689,37.94,52.367,1.2,3.825,19.91,1.5,0
10,38.5,58.25,81.55,44,13.18,13.18,8.1,17.7,68.84,48.9,93.1,4335.35,1.01,15.5,15.5,435.96,328.32,204784.2,56.5,646.7,411.23,9.689,37.94,52.367,1.2,3.9025,20.57,0,0
10,32.3,53.74,80.6,45,13.87,13.87,8.6,18.1,62.95,41.3,89.2,5263.5,2.06,15.54,15.54,449.83,342.2,210047.7,59.2,662.24,426.77,9.689,37.94,52.367,1.2,3.98,21.23,2.7,0
10,28.33,48.16,79.07,46,12.23,12.23,8.5,16.9,69.96,49.5,92.3,4715.12,2.47,15.59,15.59,462.06,354.42,214762.83,60.4,677.83,442.36,9.689,37.94,52.367,1.2,3.98,21.23,1.2,0
10,26.4,42.7,77.33,47,12.2,12.2,7.5,17.6,67.03,43.8,87.9,4898.05,1.86,15.62,15.62,474.26,366.62,219660.88,60.4,693.45,457.98,9.689,37.94,52.367,1.2,3.98,21.23,0,0
10,25.38,37.47,75.25,48,11.86,11.86,5,20.2,73.58,35.9,92.2,4898.45,1.3,15.66,15.66,486.12,378.48,224559.33,61.9,709.11,473.64,9.689,37.94,52.367,1.2,3.98,21.23,1.5,0
10,24.81,34.31,73.01,49,10.32,10.32,8.3,14.7,77.5,55,88.4,2502.93,2.26,15.7,15.7,496.43,388.8,227062.25,64.1,724.81,489.34,9.689,37.94,52.367,1.2,3.98,21.23,2.2,0
10,24.68,33.86,71.42,50,10.68,10.68,6.9,14.6,84.31,61.8,93.2,2876.4,1.31,15.74,15.74,507.11,399.47,229938.65,69.4,740.55,505.08,9.689,37.94,52.367,1.2,3.98,21.23,5.3,0
39,81,91,91,3,11.81,11.81,4.2,17.6,60.16,41.7,81.5,4797.7,1.66,13.99,13.99,46.31,46.31,25092.58,0,55.6,55.6,9.689,37.94,52.367,1.2,0.177506973,10.63266553,0,0
39,79,90,91,4,13.56,13.56,5.8,19.5,58.82,40.9,84.4,6101.1,2.14,14.05,14.05,59.87,59.87,31193.68,0,69.65,69.65,9.689,37.94,52.367,1.2,0.177506973,10.63266553,0,7.5
39,77,89,90,5,13.02,13.02,9.8,16,62.86,54,72.9,3737.72,2.15,14.11,14.11,72.89,72.89,34931.4,0,83.76,83.76,9.689,37.94,52.367,1.2,0.177506973,10.63266553,0,0
39,76,89,90,6,12.44,12.44,8.2,15.6,60.33,47.3,77.7,1930.2,0.98,14.16,14.16,85.33,85.33,36861.6,0,97.92,97.92,9.689,37.94,52.367,1.2,0.177506973,10.63266553,0,0
39,74,88,90,7,10.39,10.39,5.7,17.2,73.94,49.3,90.8,4597.82,1.18,14.22,14.22,95.71,95.71,41459.43,0.2,112.14,112.14,9.689,37.94,52.367,1.2,0.177506973,10.63266553,0.2,0
39,74,88,90,8,8.65,0,5.8,10,85.22,79.8,91,1218,1.18,14.28,0,104.36,95.71,42677.43,8.2,126.42,112.14,9.689,37.94,52.367,1.2,0.177506973,10.63266553,8,0
39,74,87,89,9,12.48,12.48,7.1,19.3,67.43,33.7,91.4,6808.8,1.59,14.34,14.34,116.84,108.19,49486.22,8.2,140.76,126.48,9.689,37.94,52.367,1.2,0.177506973,10.63266553,0,0
39,88.49,89.24,93.08,10,13.51,13.51,4.3,20.9,62.18,36.3,92.7,7209.45,0.89,14.39,14.39,130.35,121.7,56695.68,8.2,155.15,140.87,9.689,37.94,52.367,1.2,0.177506973,10.63266553,0,7.6
39,111.18,89.72,93.2,11,13.8,13.8,6.8,20.6,63.02,34.5,88.9,4472.5,1.52,14.45,14.45,144.15,135.5,61168.18,8.2,169.6,155.32,9.689,37.94,52.367,1.2,0.220139487,11.05031427,0,0
39,104.59,89.43,91.38,12,10.59,10.59,9.5,12,75.34,65.4,82.9,2086.1,1.69,14.5,14.5,154.74,146.09,63254.28,10.3,184.1,169.82,9.689,37.94,52.367,1.2,0.272503045,11.47430099,2.1,0
39,96.48,89.53,91.31,13,12.92,12.92,9.1,17.4,66.27,54.4,76.7,4257.5,1.24,14.56,14.56,167.66,159.01,67511.77,10.3,198.66,184.38,9.689,37.94,52.367,1.2,0.336538221,11.90415394,0,0
39,92.04,91.19,93.16,14,14.99,14.99,9,21.1,63.02,41.2,83.4,6179.88,1.2,14.61,14.61,182.65,174,73691.65,10.3,213.27,198.99,9.689,37.94,52.367,1.2,0.41429326,12.33876207,0,7.6
39,110.71,91.44,93.31,15,16.95,16.95,13,22.4,56.63,44.5,68.9,5334.38,1.83,14.67,14.67,199.59,190.94,79026.02,10.3,227.94,213.66,9.689,37.94,52.367,1.2,0.508020915,12.77755983,0,0
39,96.86,91.55,93.11,16,16.3,16.3,12.7,21.3,58.05,46.3,71,5311.52,1.7,14.72,14.72,215.89,207.24,84337.55,10.4,242.66,228.38,9.689,37.94,52.367,1.2,0.61982062,13.21934492,0.1,0
39,85.6,90.5,92.33,18,15.92,15.92,9.4,22.6,55.86,33.7,84.4,6692.15,1.22,14.83,14.83,246.38,237.73,93622.12,11.1,272.26,257.98,9.689,37.94,52.367,1.2,0.904795464,14.10840235,0.7,8
39,101.68,90.52,93.29,19,16.47,16.47,6.5,23.7,59.98,36.9,91.4,6765.35,1.03,14.88,14.88,262.85,254.2,100387.48,11.1,287.14,272.86,9.689,37.94,52.367,1.2,1.07985023,14.55373266,0,0
39,93.5,90.2,91.98,20,16.75,16.75,11.6,22.2,69.17,48.2,92.6,4531.27,1.52,14.93,14.93,279.6,270.95,104918.75,15.4,302.07,287.79,9.689,37.94,52.367,1.2,1.276028411,14.9981835,4.3,0
39,102.14,90.04,92.56,21,17.5,17.5,10,25.4,64.69,36.8,90.8,7414.42,0.96,14.98,14.98,297.1,288.45,112333.18,15.4,317.05,302.77,9.689,37.94,52.367,1.2,1.491119146,15.44076899,0,4.3
39,102.26,90.24,92.8,22,18.34,18.34,9.2,26.7,64.43,37.4,93.2,5806.4,0.82,15.03,15.03,315.44,306.79,118139.57,15.4,332.08,317.8,9.689,37.94,52.367,1.2,1.721316083,15.88051333,0,0
39,87.98,90.49,93.83,23,21.24,21.24,12.3,29.1,56.06,28.8,88.2,7447.42,1.74,15.08,15.08,336.68,328.03,125587,15.4,347.16,332.88,9.689,37.94,52.367,1.2,1.961351664,16.31645942,0,0
39,70.55,88.43,92.48,24,19.68,19.68,13.3,24.5,53.55,35.7,78.8,7060.85,1.55,15.13,15.13,356.36,347.71,132647.85,15.4,362.29,348.01,9.689,37.94,52.367,1.2,2.204904495,16.74767727,0,0
39,56.34,84.39,90.9,25,16.55,16.55,9,22.8,56.55,34.6,87.1,7393.15,1.43,15.18,15.18,372.91,364.26,140041,15.4,377.47,363.19,9.689,37.94,52.367,1.2,2.445230884,17.1732719,0,0
39,45.9,79.88,90.67,26,17.78,17.78,9.4,26.3,55.98,28.3,87.4,7655.75,0.97,15.22,15.22,390.69,382.04,147696.75,15.4,392.69,378.41,9.689,37.94,52.367,1.2,2.675748272,17.59211822,0,16.3
39,73.62,75.75,88.67,27,19.09,19.09,9.4,26.8,54.7,30.6,86.3,7335.95,1.16,15.27,15.27,409.78,401.13,155032.7,15.4,407.96,393.68,9.689,37.94,52.367,1.2,2.891165574,18.00369685,0,0
39,65.79,73.44,87,28,18.31,18.31,12.5,25.8,70.42,49.2,91.3,4293,1.1,15.32,15.32,428.08,419.43,159325.7,24.6,423.28,409,9.689,37.94,52.367,1.2,3.08746389,18.40726025,9.2,0
39,72.91,72.32,85.62,29,19.87,19.87,11.7,27.1,66.81,39.5,95.9,7200.9,0.78,15.36,15.36,447.95,439.3,166526.6,24.6,438.64,424.36,9.689,37.94,52.367,1.2,3.262138985,18.80186692,0,0
39,47.29,70.26,85.01,30,22.05,22.05,12.8,29.6,60.35,33.1,92.2,7487.3,0.95,15.41,15.41,470,461.35,174013.9,24.6,454.05,439.77,9.689,37.94,52.367,1.2,3.41447863,19.18716002,0,0
39,33.14,65.93,83.95,31,21.1,21.1,13.9,30.7,69.88,42.8,91.8,5806.5,1.13,15.45,15.45,491.1,482.45,179820.4,28.9,469.5,455.22,9.689,37.94,52.367,1.2,3.544847756,19.56234335,4.3,0
39,27.09,56.17,77.91,33,16.4,16.4,10.5,22.2,64.01,42.5,85.3,5954.2,1.49,15.53,15.53,528.24,519.59,190875.78,35.1,500.52,486.24,9.689,37.94,52.367,1.2,3.712,19.13,6.2,0
39,25.98,52.34,76.59,34,17.82,17.82,8.9,24.8,61.68,39.7,91.4,7326.68,0.9,15.57,15.57,546.06,537.41,198202.45,35.1,516.09,501.81,9.689,37.94,52.367,1.2,3.764,19.44,0,0
39,25.28,48.07,73.85,35,18.91,18.91,13.4,25.6,73.42,54.4,92.9,4978.32,1.36,15.61,15.61,564.97,556.32,203180.78,38.9,531.7,517.42,9.689,37.94,52.367,1.2,3.816,19.75,3.8,4.9
39,24.73,44.06,69.74,36,16.16,16.16,10.7,20.1,68.49,43.5,92.7,6326.85,1.67,15.65,15.65,581.13,572.48,209507.62,41.7,547.35,533.07,9.689,37.94,52.367,1.2,3.868,20.06,2.8,0
39,24.36,40.99,67.43,37,16.03,16.03,7.5,21.9,60.44,36.7,92.4,7108.35,1.34,15.69,15.69,597.16,588.51,216615.98,41.7,563.04,548.76,9.689,37.94,52.367,1.2,3.92,20.37,0,0
39,24.07,37.33,64.52,38,17.94,17.94,11.4,23.1,59.31,43.8,81.2,5330.92,1.43,15.73,15.73,615.1,606.45,221946.9,41.7,578.77,564.49,9.689,37.94,52.367,1.2,3.954,20.644,0,22.8
39,23.97,34.8,62.29,39,16.96,16.96,12.2,22,63.83,42.4,82.7,4552.5,2.1,15.76,15.76,632.06,623.41,226499.4,42.2,594.53,580.25,9.689,37.94,52.367,1.2,3.988,20.918,0.5,0
39,24,33.62,60.61,40,13.93,13.93,6.4,19.3,54.71,34,83.9,7431,1.81,15.8,15.8,645.99,637.35,233930.4,42.2,610.33,596.05,9.689,37.94,52.367,1.2,4.022,21.192,0,0
39,24.08,32.04,58.33,41,12.72,12.72,8.3,18.6,57.08,38.4,79.1,6267.98,1.66,15.83,15.83,658.72,650.07,240198.38,42.2,626.16,611.88,9.689,37.94,52.367,1.2,4.056,21.466,0,0
39,24.07,30.67,56.82,42,12.59,12.59,7,18.2,64.7,41.1,88.6,4920.85,0.95,15.86,15.86,671.31,662.66,245119.22,42.2,642.02,627.74,9.689,37.94,52.367,1.2,4.09,21.74,0,18.1
39,24.06,29.65,55.41,43,15.03,15.03,7.5,22.1,59.39,34.8,83.9,5991.32,1.02,15.89,15.89,686.34,677.69,251110.55,42.2,657.91,643.63,9.689,37.94,52.367,1.2,4.125,22.0625,0,0
39,24.05,28.92,54.04,44,16.23,16.23,9.5,23,55.98,32.6,83.1,6822.15,1.57,15.92,15.92,702.57,693.92,257932.7,42.2,673.83,659.55,9.689,37.94,52.367,1.2,4.16,22.385,0,0
39,23.98,27.98,52.65,45,16.21,16.21,7.3,22.9,54.72,31.4,86.5,7976.92,1.09,15.95,15.95,718.78,710.14,265909.62,42.2,689.78,675.5,9.689,37.94,52.367,1.2,4.195,22.7075,0,0
39,23.95,27.23,51.63,46,18.53,18.53,10.5,25.6,64.68,43.9,91.8,5056.48,0.87,15.98,15.98,737.32,728.67,270966.1,42.9,705.76,691.48,9.689,37.94,52.367,1.2,4.23,23.03,0.7,0
70,62,67,81.3,21,12.23,12.23,7,16.3,76.64,46.9,100,4758.9,3.24,14.46,14.46,192.05,127.92,114876.6,17.05,304.79,168.83,38.643,38.654,22.67,1.2,0.272184636,11.47194977,17.05,0
70,62.7,66.3,80.6,22,7,0,1.9,9.5,78.84,58.7,100,2128.7,1.33,14.52,0,199.05,127.92,117005.3,17.18,319.31,168.83,38.643,38.654,22.67,1.2,0.272184636,11.47194977,0.13,0
70,62.5,65,79.5,23,9.18,9.18,2.9,13.8,74,54.4,100,3713.9,1.52,14.57,14.57,208.23,137.1,120719.2,17.18,333.88,183.4,38.643,38.654,22.67,1.2,0.336199841,11.90207884,0,0
70,61.4,62.7,77.6,24,10.26,10.26,6.6,13.1,58.2,46,73.8,5087.4,2.77,14.63,14.63,218.49,147.36,125806.6,17.18,348.51,198.03,38.643,38.654,22.67,1.2,0.414001789,12.33727011,0,0
70,60,60.3,75.5,25,9.58,9.58,4.1,14.8,63.19,39.8,92.3,5019.4,1.71,14.68,14.68,228.07,156.94,130826,17.18,363.19,212.71,38.643,38.654,22.67,1.2,0.507742196,12.77636093,0,0
70,59.3,58.4,73.8,26,10.77,10.77,6.7,14.5,71,43.4,87.9,3786.5,5.71,14.73,14.73,238.84,167.71,134612.5,17.63,377.92,227.44,38.643,38.654,22.67,1.2,0.619573455,13.21844367,0.45,0
70,59.1,57.2,72.7,27,8.99,0,7.3,12.3,75.08,51.9,98.5,5541.6,4.48,14.79,0,247.83,167.71,140154.1,19.46,392.71,227.44,38.643,38.654,22.67,1.2,0.619573455,13.21844367,1.83,0
70,55.24,55.86,55.45,28,7.55,0,5.4,9.7,92.22,75.3,100,1711.5,2.53,14.84,0,255.38,167.71,141865.6,22.51,407.55,227.44,38.643,38.654,22.67,1.2,0.619573455,13.21844367,3.05,0
70,54.24,55.35,55.08,29,9.25,9.25,4.1,13.3,71.88,45.9,96.4,6490.9,2.71,14.89,14.89,264.63,176.96,148356.5,22.51,422.44,242.33,38.643,38.654,22.67,1.2,0.752454162,13.66588392,0,0
70,54.48,55.97,55.55,30,10.15,10.15,1,17.7,67.79,41.4,100,4879,1.6,14.94,14.94,274.78,187.11,153235.5,22.51,437.38,257.27,38.643,38.654,22.67,1.2,0.907007293,14.1143994,0,0
70,54.48,55.97,55.55,30,10.15,10.15,1,17.7,67.79,41.4,100,4879,1.6,14.94,14.94,274.78,187.11,153235.5,22.51,437.38,257.27,38.643,38.654,22.67,1.2,0.907007293,14.1143994,0,0
70,54.18,57.98,56.71,31,19.26,19.26,7.7,29.6,59.66,32.1,96.7,7418.6,1.97,14.99,14.99,294.04,206.37,160654.1,22.51,452.37,272.26,38.643,38.654,22.67,1.2,1.083720154,14.56298857,0,0
70,54.18,57.98,56.71,31,19.26,19.26,7.7,29.6,59.66,32.1,96.7,7418.6,1.97,14.99,14.99,294.04,206.37,160654.1,22.51,452.37,272.26,38.643,38.654,22.67,1.2,1.083720154,14.56298857,0,0
70,49.38,53.98,54.4,32,16.39,16.39,12.8,19.8,79.32,56.9,100,1955,1.98,15.04,15.04,310.43,222.76,162609.1,24.95,467.41,287.3,38.643,38.654,22.67,1.2,1.281824811,15.01064265,2.44,0
70,49.38,53.98,54.4,32,16.39,16.39,12.8,19.8,79.32,56.9,100,1955,1.98,15.04,15.04,310.43,222.76,162609.1,24.95,467.41,287.3,38.643,38.654,22.67,1.2,1.281824811,15.01064265,0,2.44
70,47.7,53.83,54.88,33,13.21,13.21,11.4,15.4,99.12,92.6,100,1708.3,1.57,15.09,15.09,323.64,235.97,164317.4,27.42,482.5,302.39,38.643,38.654,22.67,1.2,2.25,16.3,2.47,0
70,47.7,53.83,54.88,33,13.21,13.21,11.4,15.4,99.12,92.6,100,1708.3,1.57,15.09,15.09,323.64,235.97,164317.4,27.42,482.5,302.39,38.643,38.654,22.67,1.2,2.25,16.3,0,2.47
70,47.4,53.86,54.92,34,13.1,13.1,9.3,15.9,85.46,65.1,100,3057.3,1.55,15.14,15.14,336.74,249.07,167374.7,27.58,497.64,317.53,38.643,38.654,22.67,1.2,2.325714286,16.4,0.16,0
70,47.4,53.86,54.92,34,13.1,13.1,9.3,15.9,85.46,65.1,100,3057.3,1.55,15.14,15.14,336.74,249.07,167374.7,27.58,497.64,317.53,38.643,38.654,22.67,1.2,2.325714286,16.4,0,0.16
70,47.33,53.74,54.76,35,12.06,12.06,6.8,17.7,81.79,53.6,100,5043.2,1.84,15.19,15.19,348.8,261.13,172417.9,28.58,512.83,332.72,38.643,38.654,22.67,1.2,2.401428571,16.5,1,0
70,45.61,53.2,54.48,36,11.94,11.94,8.7,16.6,83.42,59.2,98,4022.6,2.26,15.24,15.24,360.74,273.07,176440.5,29.44,528.07,347.96,38.643,38.654,22.67,1.2,2.477142857,16.6,0.86,0
70,43.89,52.73,54.23,37,11.4,11.4,8.4,14.9,88.66,68.6,100,3584.4,3.2,15.28,15.28,372.14,284.47,180024.9,32.11,543.35,363.24,38.643,38.654,22.67,1.2,2.552857143,16.7,2.67,0
70,42.79,53.04,54.47,38,13.17,13.17,9,18.5,82.19,52.9,100,5964.7,3.76,15.33,15.33,385.31,297.64,185989.6,32.61,558.68,378.57,38.643,38.654,22.67,1.2,2.628571429,16.8,0.5,0
70,40.53,51.69,53.64,39,12.49,12.49,10.1,15.6,86.29,69.5,100,5371.5,3.89,15.37,15.37,397.8,310.13,191361.1,35.33,574.05,393.94,38.643,38.654,22.67,1.2,2.704285714,16.9,2.72,0
70,38.79,51.15,53.58,40,12.41,12.41,10,16.7,83.59,58.4,100,5433,2.61,15.42,15.42,410.21,322.54,196794.1,36.26,589.47,409.36,38.643,38.654,22.67,1.2,2.78,17,0.93,0
70,38.79,51.15,53.58,40,12.41,12.41,10,16.7,83.59,58.4,100,5433,2.61,15.42,15.42,410.21,322.54,196794.1,36.26,589.47,409.36,38.643,38.654,22.67,1.2,2.78,17,0,0.93
70,37.09,50.51,53.33,41,11.64,11.64,7.2,16,80.41,50.2,100,4607.7,1.92,15.46,15.46,421.85,334.18,201401.8,38.54,604.93,424.82,38.643,38.654,22.67,1.2,2.923333333,17.56666667,2.28,0
70,37.09,50.51,53.33,41,11.64,11.64,7.2,16,80.41,50.2,100,4607.7,1.92,15.46,15.46,421.85,334.18,201401.8,38.54,604.93,424.82,38.643,38.654,22.67,1.2,2.923333333,17.56666667,0,2.28
70,35.74,50.12,53.27,42,12.95,12.95,9,16.9,76.2,56.1,100,4784.4,2.06,15.5,15.5,434.8,347.13,206186.2,39.14,620.43,440.32,38.643,38.654,22.67,1.2,3.066666667,18.13333333,0.6,0
70,35.74,50.12,53.27,42,12.95,12.95,9,16.9,76.2,56.1,100,4784.4,2.06,15.5,15.5,434.8,347.13,206186.2,39.14,620.43,440.32,38.643,38.654,22.67,1.2,3.066666667,18.13333333,0,0.6
70,34.64,49.7,53.23,43,14.06,14.06,11.4,17.6,71.04,55.6,88.1,3823.4,4.46,15.54,15.54,448.86,361.19,210009.6,39.14,635.97,455.86,38.643,38.654,22.67,1.2,3.21,18.7,0,0
70,34.64,49.7,53.23,43,14.06,14.06,11.4,17.6,71.04,55.6,88.1,3823.4,4.46,15.54,15.54,448.86,361.19,210009.6,39.14,635.97,455.86,38.643,38.654,22.67,1.2,3.21,18.7,0,0
70,33.32,48.25,52.6,44,13.14,13.14,8,18.4,71.49,40.8,100,6626,4.34,15.59,15.59,462,374.33,216635.6,42.1,651.56,471.45,38.643,38.654,22.67,1.2,3.31,18.8675,2.96,0
70,32.03,46.47,52.02,45,12.88,12.88,8.8,17.2,72.45,49.8,96,5762.1,2.85,15.62,15.62,474.88,387.21,222397.7,43.82,667.18,487.07,38.643,38.654,22.67,1.2,3.41,19.035,1.72,0
70,31.26,45.64,51.9,46,12.34,12.34,5.8,21.1,76.81,40.7,100,6035.9,2.81,15.66,15.66,487.22,399.55,228433.6,45.55,682.84,502.73,38.643,38.654,22.67,1.2,3.51,19.2025,1.73,0
70,30.44,43.65,50.83,47,11.2,11.2,8.8,15,74.65,49.7,92.7,3151.4,4.5,15.7,15.7,498.42,410.75,231585,45.96,698.54,518.43,38.643,38.654,22.67,1.2,3.61,19.37,0.41,0
70,30,44.31,50.63,48,11.18,11.18,9.2,13.9,89.88,71.5,100,2537.4,3.34,15.74,15.74,509.6,421.93,234122.4,46.72,714.28,534.17,38.643,38.654,22.67,1.2,3.663333333,19.60333333,0.76,0
70,29.9,45.04,50.05,49,11.94,11.94,7.6,16.2,84.43,58.1,100,2891.2,2.02,15.77,15.77,521.54,433.87,237013.6,47.27,730.05,549.94,38.643,38.654,22.67,1.2,3.716666667,19.83666667,0.55,0
70,30.26,44.21,49.78,50,13.88,13.88,8.8,18.2,74.19,47.8,100,6431.9,1.38,15.81,15.81,535.42,447.75,243445.5,47.27,745.86,565.75,38.643,38.654,22.67,1.2,3.77,20.07,0,0
70,29.84,42.83,49.15,51,15.51,15.51,7.3,20.7,64.87,37.6,100,8419.7,1.97,15.84,15.84,550.93,463.26,251865.2,47.27,761.7,581.59,38.643,38.654,22.67,1.2,3.823333333,20.30333333,0,0
70,28.97,40.53,48.21,52,16.19,16.19,8.2,21.5,59.6,36.4,99.8,7776.6,1.72,15.87,15.87,567.12,479.45,259641.8,47.27,777.57,597.46,38.643,38.654,22.67,1.2,3.876666667,20.53666667,0,0
70,27.96,37.81,45.56,53,16.16,16.16,6.9,22.2,57.38,35.2,97.6,8807.8,1.52,15.9,15.9,583.28,495.61,268449.6,47.27,793.47,613.36,38.643,38.654,22.67,1.2,3.93,20.77,0,0
74,98.2,105.6,103.3,10,11.83,11.83,6.2,15.4,74.46,59.1,99.7,3468.7,1.71,14.11,14.11,136.11,136.11,64245.9,0,151.95,151.95,38.643,38.654,22.67,1.2,0.269373872,11.45108821,0,0
74,95.5,103.4,102.2,11,10.46,10.46,7.4,13,87.71,73.6,99.9,1361,1.67,14.16,14.16,146.57,146.57,65606.9,0.95,166.11,166.11,38.643,38.654,22.67,1.2,0.330827778,11.86888747,0.95,0
74,95.3,102.9,102.2,12,9.7,9.7,4,15.3,84.8,55.6,100,4575.7,1.42,14.22,14.22,156.27,156.27,70182.6,1.09,180.33,180.33,38.643,38.654,22.67,1.2,0.405170474,12.29162988,0.14,0
74,93.6,101.4,101.5,13,9.55,9.55,8.1,12.4,93.98,77.2,100,2810.9,2.38,14.28,14.28,165.82,165.82,72993.5,4.22,194.61,194.61,38.643,38.654,22.67,1.2,0.494449463,12.71852786,3.13,0
74,93.5,101,101.4,14,11.65,11.65,5.7,17,79.05,49.5,100,5605.5,1.41,14.34,14.34,177.47,177.47,78599,4.22,208.95,208.95,38.643,38.654,22.67,1.2,0.60070404,13.14875398,0,0
74,91.6,99.1,100.4,15,13.24,13.24,5,20.5,67.66,35.3,100,7230.5,1.15,14.39,14.39,190.71,190.71,85829.5,4.22,223.34,223.34,38.643,38.654,22.67,1.2,0.725692409,13.58114627,0,0
74,88.1,96.1,98.6,16,13.56,13.56,6.9,19.3,69.09,42.8,99.1,5158.6,1.58,14.45,14.45,204.27,204.27,90988.1,4.22,237.79,237.79,38.643,38.654,22.67,1.2,0.870900893,14.01511718,0,9
74,103.62,65.67,61.84,17,9.89,9.89,9,11.5,97.66,90.1,100,1134,3.03,14.5,14.5,214.16,214.16,92122.1,13.22,252.29,252.29,38.643,38.654,22.67,1.2,1.036901274,14.44946016,9,0
74,112.22,77.05,64.37,18,11.38,11.38,8.4,15.6,85.47,62.5,100,3655.9,1.26,14.56,14.56,225.54,225.54,95778,13.22,266.85,266.85,38.643,38.654,22.67,1.2,1.223443563,14.88355694,0,0
74,112.22,77.05,64.37,18,11.38,11.38,8.4,15.6,85.47,62.5,100,3655.9,1.26,14.56,14.56,225.54,225.54,95778,13.22,266.85,266.85,38.643,38.654,22.67,1.2,1.223443563,14.88355694,0,0
74,98.49,81.62,68.59,19,13.47,13.47,6.8,19,78.94,52.1,100,6205.6,1.38,14.61,14.61,239.01,239.01,101983.6,13.22,281.46,281.46,38.643,38.654,22.67,1.2,1.428731779,15.31618852,0,0
74,98.49,81.62,68.59,19,13.47,13.47,6.8,19,78.94,52.1,100,6205.6,1.38,14.61,14.61,239.01,239.01,101983.6,13.22,281.46,281.46,38.643,38.654,22.67,1.2,1.428731779,15.31618852,0,0
74,89.79,78.85,69.14,20,15.52,15.52,10,21,74.55,50.7,98,6595.8,1.81,14.67,14.67,254.53,254.53,108579.4,13.22,296.13,296.13,38.643,38.654,22.67,1.2,1.649786528,15.74673413,0,0
74,89.79,78.85,69.14,20,15.52,15.52,10,21,74.55,50.7,98,6595.8,1.81,14.67,14.67,254.53,254.53,108579.4,13.22,296.13,296.13,38.643,38.654,22.67,1.2,1.649786528,15.74673413,0,0
74,82.46,75.81,68.31,21,14.95,14.95,10.8,20.7,75.38,47.8,93.8,5449.6,1.85,14.72,14.72,269.48,269.48,114029,13.22,310.85,310.85,38.643,38.654,22.67,1.2,1.881936639,16.17399596,0,0
74,82.46,75.81,68.31,21,14.95,14.95,10.8,20.7,75.38,47.8,93.8,5449.6,1.85,14.72,14.72,269.48,269.48,114029,13.22,310.85,310.85,38.643,38.654,22.67,1.2,1.881936639,16.17399596,0,0
74,74.92,71.56,66.45,22,13.07,13.07,11.4,15.4,89.8,73.5,100,1249.5,1.91,14.77,14.77,282.55,282.55,115278.5,14.77,325.62,325.62,38.643,38.654,22.67,1.2,2.119540084,16.59709508,1.55,0
74,74.92,71.56,66.45,22,13.07,13.07,11.4,15.4,89.8,73.5,100,1249.5,1.91,14.77,14.77,282.55,282.55,115278.5,14.77,325.62,325.62,38.643,38.654,22.67,1.2,2.119540084,16.59709508,0,1.55
74,70.61,71.4,65.72,23,15.56,15.56,10.4,20.8,67.58,43,93.4,6734.9,2.18,14.83,14.83,298.11,298.11,122013.4,14.77,340.45,340.45,38.643,38.654,22.67,1.2,2.05,15.35,0,0
74,70.61,71.4,65.72,23,15.56,15.56,10.4,20.8,67.58,43,93.4,6734.9,2.18,14.83,14.83,298.11,298.11,122013.4,14.77,340.45,340.45,38.643,38.654,22.67,1.2,2.05,15.35,0,0
74,64.66,68.9,64.47,24,16.01,16.01,7.2,22.4,65.4,39.8,100,6707.8,0.95,14.88,14.88,314.12,314.12,128721.2,14.77,355.33,355.33,38.643,38.654,22.67,1.2,2.36,15.96666667,0,0
74,57.83,66.03,63.46,25,16.49,16.49,11.1,21.3,75.17,55.1,98.7,5798,2.3,14.93,14.93,330.61,330.61,134519.2,14.77,370.26,370.26,38.643,38.654,22.67,1.2,2.67,16.58333333,0,0
74,51.94,65,63.47,26,17.57,17.57,10.3,24.2,72.54,41.5,100,7364.5,1.65,14.98,14.98,348.18,348.18,141883.7,14.77,385.24,385.24,38.643,38.654,22.67,1.2,2.98,17.2,0,0
74,45.39,62.73,62.3,27,19.15,19.15,10.3,26.1,68.06,42,100,5779.6,1.45,15.03,15.03,367.33,367.33,147663.3,14.77,400.27,400.27,38.643,38.654,22.67,1.2,3.121428571,17.80714286,0,0
74,45.39,62.73,62.3,27,19.15,19.15,10.3,26.1,68.06,42,100,5779.6,1.45,15.03,15.03,367.33,367.33,147663.3,14.77,400.27,400.27,38.643,38.654,22.67,1.2,3.121428571,17.80714286,0,0
74,40.3,60.97,61.16,28,22.65,22.65,15.3,29.6,57.68,31.1,87,7663.6,3.49,15.08,15.08,389.98,389.98,155326.9,15.69,415.35,415.35,38.643,38.654,22.67,1.2,3.262857143,18.41428571,0.92,22.5
74,40.3,60.97,61.16,28,22.65,22.65,15.3,29.6,57.68,31.1,87,7663.6,3.49,15.08,15.08,389.98,389.98,155326.9,15.69,415.35,415.35,38.643,38.654,22.67,1.2,3.262857143,18.41428571,0,23.42
74,38.2,60.93,59.32,29,20.26,20.26,16.4,23.6,61.73,48.8,79.5,6392.3,3,15.13,15.13,410.24,410.24,161719.2,15.69,430.48,430.48,38.643,38.654,22.67,1.2,3.404285714,19.02142857,0,0
74,38.2,60.93,59.32,29,20.26,20.26,16.4,23.6,61.73,48.8,79.5,6392.3,3,15.13,15.13,410.24,410.24,161719.2,15.69,430.48,430.48,38.643,38.654,22.67,1.2,3.404285714,19.02142857,0,0
74,36.24,56.74,58.56,30,18.4,18.4,13.7,23,57,35.8,83.7,7882.9,1.94,15.18,15.18,428.64,428.64,169602.1,15.69,445.66,445.66,38.643,38.654,22.67,1.2,3.545714286,19.62857143,0,18
74,36.24,56.74,58.56,30,18.4,18.4,13.7,23,57,35.8,83.7,7882.9,1.94,15.18,15.18,428.64,428.64,169602.1,15.69,445.66,445.66,38.643,38.654,22.67,1.2,3.545714286,19.62857143,0,18
74,35.81,61.01,58.88,31,16.98,16.98,8,23.8,61.42,35.7,98,7952.3,0.9,15.22,15.22,445.62,445.62,177554.4,15.69,460.88,460.88,38.643,38.654,22.67,1.2,3.687142857,20.23571429,0,0
74,35.81,61.01,58.88,31,16.98,16.98,8,23.8,61.42,35.7,98,7952.3,0.9,15.22,15.22,445.62,445.62,177554.4,15.69,460.88,460.88,38.643,38.654,22.67,1.2,3.687142857,20.23571429,0,0
74,34.82,59.5125,58.1075,32,19.57,19.57,11.1,26.8,59.2,36.4,89.4,8094.5,1.47,15.27,15.27,465.19,465.19,185648.9,15.69,476.15,476.15,38.643,38.654,22.67,1.2,3.828571429,20.84285714,0,0
74,33.83,58.015,57.335,33,19.35,19.35,14.6,25.8,70.94,50.5,93.2,4046.5,2.13,15.32,15.32,484.54,484.54,189695.4,15.75,491.47,491.47,38.643,38.654,22.67,1.2,3.97,21.45,0.06,22.5
74,32.84,56.5175,56.5625,34,19.66,19.66,11.8,25.8,68.68,39.9,100,7450.4,0.88,15.36,15.36,504.2,504.2,197145.8,15.75,506.83,506.83,38.643,38.654,22.67,1.2,4.001428571,21.6,0,0
74,31.85,55.02,55.79,35,22.05,22.05,12.6,28.6,61.23,37,100,7958.7,1.53,15.41,15.41,526.25,526.25,205104.5,15.75,522.24,522.24,38.643,38.654,22.67,1.2,4.032857143,21.75,0,0
74,30.98,52.66,54.25,36,23.31,23.31,16,31.5,60.12,39.2,93.8,7067.6,2.34,15.45,15.45,549.56,549.56,212172.1,15.88,537.69,537.69,38.643,38.654,22.67,1.2,4.064285714,21.9,0.13,18
74,30.48,48.84,53.38,37,22.25,22.25,16.8,30.1,74.52,43.1,100,5660,2.37,15.49,15.49,571.81,571.81,217832.1,17.96,553.18,553.18,38.643,38.654,22.67,1.2,4.095714286,22.05,2.08,18
74,30.27,50.14,52.21,38,17.15,17.15,12,21.9,67.48,45.3,93.6,6249.9,1.99,15.53,15.53,588.96,588.96,224082,17.96,568.71,568.71,38.643,38.654,22.67,1.2,4.127142857,22.2,0,0
74,30.54,47.66,51.99,39,17.75,17.75,9.2,24,68.25,37,100,7021.8,0.94,15.57,15.57,606.71,606.71,231103.8,18.13,584.28,584.28,38.643,38.654,22.67,1.2,4.158571429,22.35,0.17,0
74,30.76,45.94,51.31,40,19.18,19.18,14.2,25.4,81.27,61.1,99.7,5105.1,2.85,15.61,15.61,625.89,625.89,236208.9,20.54,599.89,599.89,38.643,38.654,22.67,1.2,4.19,22.5,2.41,0
